EmpID,Age,AgeGroup,Attrition,BusinessTravel,DistanceFromHome,Education,EnvironmentSatisfaction,Gender,JobSatisfaction,MaritalStatus,RelationshipSatisfaction,WorkLifeBalance
RM297,18,18-25,Yes,Travel_Rarely,3,3,3,Male,3,Single,3,3
RM302,18,18-25,No,Travel_Rarely,10,3,4,Female,3,Single,1,3
RM458,18,18-25,Yes,Travel_Frequently,5,3,2,Male,2,Single,4,3
RM728,18,18-25,No,Non-Travel,5,2,2,Male,4,Single,4,3
RM829,18,18-25,Yes,Non-Travel,8,1,3,Male,3,Single,4,3
RM973,18,18-25,No,Non-Travel,1,3,4,Female,4,Single,3,4
RM1154,18,18-25,Yes,Travel_Frequently,3,2,2,Female,4,Single,3,4
RM1312,18,18-25,No,Non-Travel,14,3,2,Female,3,Single,3,1
RM128,19,18-25,Yes,Travel_Rarely,22,1,4,Male,3,Single,4,2
RM150,19,18-25,No,Travel_Rarely,3,1,2,Female,2,Single,4,3
RM172,19,18-25,Yes,Travel_Frequently,1,1,3,Female,1,Single,1,4
RM178,19,18-25,Yes,Travel_Rarely,2,3,2,Male,4,Single,3,2
RM423,19,18-25,Yes,Travel_Rarely,2,2,1,Male,4,Single,3,4
RM689,19,18-25,Yes,Travel_Rarely,21,3,4,Male,2,Single,2,4
RM854,19,18-25,No,Travel_Rarely,9,2,3,Male,1,Single,3,3
RM893,19,18-25,Yes,Non-Travel,10,3,1,Female,2,Single,2,4
RM910,19,18-25,No,Travel_Rarely,25,3,2,Female,4,Single,4,3
RM103,20,18-25,Yes,Travel_Frequently,6,3,4,Female,4,Single,2,3
RM488,20,18-25,No,Travel_Rarely,1,3,4,Female,2,Single,4,4
RM514,20,18-25,Yes,Travel_Rarely,10,1,4,Male,3,Single,4,3
RM663,20,18-25,Yes,Travel_Rarely,2,3,3,Female,3,Single,4,2
RM690,20,18-25,Yes,Travel_Rarely,4,3,1,Male,1,Single,2,3
RM732,20,18-25,Yes,Travel_Rarely,11,3,4,Female,1,Single,1,3
RM777,20,18-25,Yes,Travel_Frequently,9,3,4,Female,4,Single,2,3
RM857,20,18-25,No,Travel_Rarely,3,3,1,Male,3,Single,1,2
RM877,20,18-25,No,Travel_Rarely,21,3,3,Male,4,Single,4,3
RM1179,20,18-25,No,Travel_Rarely,2,3,3,Female,3,Single,1,3
RM1198,20,18-25,No,Travel_Rarely,9,1,4,Male,1,Single,1,3
RM024,21,18-25,No,Travel_Rarely,15,2,3,Male,4,Single,4,3
RM275,21,18-25,No,Travel_Rarely,3,2,4,Male,3,Single,1,4
RM358,21,18-25,Yes,Travel_Frequently,1,1,1,Female,2,Single,3,3
RM363,21,18-25,No,Non-Travel,9,2,1,Male,4,Single,3,2
RM371,21,18-25,Yes,Travel_Rarely,12,3,3,Female,2,Single,4,3
RM497,21,18-25,No,Travel_Rarely,22,1,3,Male,3,Single,3,3
RM664,21,18-25,Yes,Travel_Rarely,18,1,4,Female,4,Single,1,2
RM778,21,18-25,Yes,Travel_Rarely,10,3,3,Female,1,Single,1,2
RM816,21,18-25,No,Travel_Rarely,1,1,4,Female,2,Single,3,4
RM916,21,18-25,Yes,Travel_Frequently,10,2,1,Female,3,Single,3,1
RM1153,21,18-25,No,Travel_Rarely,5,1,3,Male,4,Single,3,3
RM1272,21,18-25,Yes,Travel_Rarely,7,1,2,Male,2,Single,2,3
RM1437,21,18-25,No,Travel_Rarely,5,1,3,Male,1,Single,4,3
RM018,22,18-25,No,Non-Travel,16,2,4,Male,4,Divorced,2,2
RM110,22,18-25,No,Travel_Rarely,15,3,2,Female,4,Single,3,3
RM129,22,18-25,No,Travel_Rarely,2,1,3,Male,4,Married,3,3
RM161,22,18-25,No,Travel_Rarely,19,1,3,Male,4,Married,1,3
RM207,22,18-25,No,Travel_Rarely,5,3,4,Male,2,Divorced,1,2
RM384,22,18-25,No,Travel_Rarely,11,3,1,Female,2,Married,4,3
RM444,22,18-25,Yes,Travel_Frequently,4,1,3,Male,3,Single,3,3
RM499,22,18-25,No,Travel_Rarely,6,1,1,Male,3,Married,4,3
RM631,22,18-25,No,Travel_Rarely,1,2,4,Male,4,Married,1,1
RM667,22,18-25,Yes,Travel_Rarely,3,1,2,Female,3,Married,1,4
RM735,22,18-25,No,Travel_Rarely,8,1,2,Male,1,Married,1,2
RM861,22,18-25,Yes,Travel_Frequently,3,4,3,Male,4,Married,2,3
RM1138,22,18-25,No,Non-Travel,26,2,2,Female,3,Married,2,2
RM1274,22,18-25,Yes,Travel_Rarely,8,1,3,Female,1,Married,3,3
RM1340,22,18-25,Yes,Travel_Rarely,7,1,4,Male,2,Single,1,3
RM1424,22,18-25,No,Travel_Rarely,1,2,4,Male,3,Single,4,4
RM087,23,18-25,No,Travel_Rarely,2,1,3,Male,1,Divorced,3,3
RM346,23,18-25,No,Travel_Rarely,26,1,3,Male,4,Divorced,3,2
RM517,23,18-25,No,Travel_Rarely,4,3,1,Male,1,Married,1,4
RM551,23,18-25,No,Travel_Rarely,9,1,2,Male,1,Married,4,4
RM566,23,18-25,No,Travel_Rarely,10,1,1,Male,3,Single,4,3
RM586,23,18-25,Yes,Travel_Rarely,6,3,3,Male,1,Married,3,3
RM911,23,18-25,No,Travel_Rarely,1,2,4,Male,3,Married,4,3
RM1083,23,18-25,No,Travel_Rarely,20,1,1,Male,3,Single,2,3
RM1128,23,18-25,No,Travel_Rarely,10,3,4,Male,3,Married,4,3
RM1202,23,18-25,Yes,Travel_Rarely,8,1,4,Male,3,Single,1,3
RM1214,23,18-25,Yes,Travel_Rarely,7,3,3,Male,4,Divorced,2,3
RM1239,23,18-25,No,Travel_Rarely,4,1,3,Female,2,Single,3,1
RM1409,23,18-25,No,Travel_Rarely,12,2,4,Male,4,Single,3,4
RM1439,23,18-25,Yes,Travel_Frequently,9,3,4,Male,1,Married,1,2
RM021,24,18-25,No,Non-Travel,11,2,1,Female,3,Divorced,4,2
RM035,24,18-25,Yes,Travel_Rarely,1,3,2,Male,4,Married,1,2
RM097,24,18-25,No,Travel_Rarely,3,2,1,Female,3,Married,1,2
RM114,24,18-25,No,Travel_Rarely,18,1,2,Male,3,Married,3,3
RM381,24,18-25,No,Travel_Rarely,10,4,4,Female,3,Divorced,4,4
RM415,24,18-25,Yes,Travel_Rarely,1,1,1,Female,2,Single,2,3
RM471,24,18-25,No,Travel_Frequently,24,3,4,Male,4,Married,3,3
RM475,24,18-25,No,Travel_Rarely,23,3,2,Male,4,Married,2,3
RM477,24,18-25,No,Travel_Rarely,17,2,4,Male,2,Married,4,3
RM480,24,18-25,Yes,Travel_Frequently,7,3,1,Female,3,Married,4,3
RM526,24,18-25,Yes,Travel_Rarely,3,2,1,Female,3,Single,1,3
RM587,24,18-25,No,Non-Travel,9,3,3,Male,2,Divorced,3,3
RM641,24,18-25,No,Non-Travel,4,1,1,Male,4,Married,4,2
RM725,24,18-25,No,Travel_Rarely,17,1,4,Female,3,Divorced,2,3
RM842,24,18-25,No,Travel_Rarely,24,3,4,Male,2,Single,4,3
RM872,24,18-25,Yes,Travel_Rarely,17,2,4,Female,2,Married,1,1
RM1026,24,18-25,No,Travel_Rarely,4,1,4,Female,3,Married,3,3
RM1061,24,18-25,Yes,Travel_Frequently,9,3,2,Male,1,Single,3,2
RM1062,24,18-25,No,Non-Travel,13,2,4,Female,2,Married,3,3
RM1098,24,18-25,No,Travel_Rarely,21,2,3,Male,1,Divorced,2,3
RM1169,24,18-25,No,Travel_Frequently,2,1,1,Female,4,Single,3,3
RM1218,24,18-25,No,Travel_Rarely,9,3,3,Male,3,Married,4,3
RM1223,24,18-25,Yes,Travel_Rarely,22,1,4,Male,3,Married,3,3
RM1231,24,18-25,No,Travel_Rarely,29,1,2,Male,1,Divorced,2,4
RM1246,24,18-25,No,Travel_Frequently,10,3,1,Male,4,Married,4,3
RM1408,24,18-25,No,Travel_Rarely,1,2,2,Male,3,Single,2,2
RM108,25,18-25,Yes,Travel_Rarely,5,3,3,Male,3,Single,4,3
RM109,25,18-25,No,Travel_Rarely,7,1,4,Male,4,Married,3,3
RM139,25,18-25,No,Travel_Rarely,28,3,1,Male,3,Married,4,3
RM256,25,18-25,No,Travel_Rarely,1,3,1,Female,3,Married,4,3
RM268,25,18-25,No,Non-Travel,5,2,2,Male,1,Divorced,4,3
RM398,25,18-25,No,Travel_Rarely,4,2,2,Female,4,Single,2,3
RM406,25,18-25,Yes,Travel_Rarely,3,3,1,Male,1,Married,3,3
RM479,25,18-25,No,Travel_Rarely,13,1,2,Male,3,Married,3,3
RM518,25,18-25,No,Travel_Rarely,8,3,4,Male,2,Married,3,3
RM564,25,18-25,No,Travel_Rarely,26,1,3,Female,4,Single,2,2
RM619,25,18-25,No,Travel_Rarely,2,1,1,Male,1,Single,3,2
RM635,25,18-25,No,Travel_Rarely,3,1,3,Male,1,Married,4,3
RM639,25,18-25,No,Travel_Rarely,4,1,3,Male,1,Married,1,4
RM684,25,18-25,Yes,Travel_Rarely,19,2,3,Male,2,Married,3,3
RM797,25,18-25,Yes,Travel_Rarely,4,1,4,Male,4,Married,2,4
RM886,25,18-25,No,Travel_Rarely,10,4,3,Male,4,Single,2,3
RM912,25,18-25,Yes,Travel_Frequently,24,1,3,Male,4,Single,4,3
RM935,25,18-25,No,Travel_Rarely,1,3,4,Female,2,Single,4,2
RM966,25,18-25,No,Travel_Rarely,19,1,4,Male,4,Married,3,2
RM994,25,18-25,No,Travel_Rarely,18,1,1,Male,3,Married,2,2
RM1004,25,18-25,No,Travel_Rarely,1,3,1,Male,4,Married,2,2
RM1022,25,18-25,Yes,Travel_Rarely,9,2,1,Male,1,Married,1,3
RM1175,25,18-25,No,Travel_Frequently,2,1,4,Male,3,Divorced,3,3
RM1412,25,18-25,No,Travel_Rarely,2,3,3,Female,2,Married,3,3
RM1414,25,18-25,No,Travel_Rarely,2,1,4,Male,3,Divorced,3,2
RM1434,25,18-25,No,Travel_Rarely,8,2,1,Female,3,Divorced,2,2
RM043,26,26-35,Yes,Travel_Rarely,25,3,1,Male,3,Single,3,2
RM055,26,26-35,No,Travel_Rarely,23,3,3,Female,4,Married,3,2
RM126,26,26-35,No,Travel_Rarely,6,3,3,Female,2,Married,3,2
RM135,26,26-35,No,Travel_Rarely,25,1,3,Female,3,Married,4,3
RM279,26,26-35,No,Travel_Frequently,1,3,3,Female,2,Divorced,1,1
RM285,26,26-35,No,Travel_Frequently,11,2,1,Male,1,Married,3,3
RM289,26,26-35,Yes,Travel_Rarely,16,4,1,Male,2,Divorced,4,3
RM294,26,26-35,Yes,Travel_Rarely,4,4,4,Male,4,Single,2,3
RM356,26,26-35,No,Travel_Rarely,1,3,3,Male,3,Married,2,3
RM383,26,26-35,Yes,Travel_Frequently,3,1,3,Male,1,Single,3,3
RM419,26,26-35,No,Travel_Rarely,23,3,1,Female,4,Divorced,2,1
RM454,26,26-35,Yes,Travel_Frequently,17,4,2,Female,3,Divorced,2,2
RM461,26,26-35,No,Travel_Rarely,29,2,1,Male,3,Divorced,1,3
RM464,26,26-35,Yes,Travel_Rarely,24,3,3,Male,4,Single,2,1
RM476,26,26-35,No,Travel_Rarely,28,2,1,Male,2,Married,4,4
RM506,26,26-35,No,Travel_Rarely,6,3,3,Female,4,Married,3,3
RM572,26,26-35,No,Travel_Frequently,1,2,1,Female,4,Divorced,1,3
RM574,26,26-35,Yes,Travel_Rarely,8,3,4,Male,1,Single,3,2
RM615,26,26-35,Yes,Travel_Frequently,5,2,3,Female,3,Married,1,3
RM686,26,26-35,No,Travel_Frequently,1,3,3,Male,1,Single,2,3
RM734,26,26-35,No,Travel_Rarely,2,2,4,Male,4,Married,2,3
RM749,26,26-35,Yes,Non-Travel,29,2,2,Male,1,Single,4,3
RM763,26,26-35,Yes,Travel_Frequently,2,3,1,Male,1,Married,2,3
RM770,26,26-35,No,Travel_Frequently,1,1,1,Female,3,Divorced,3,3
RM782,26,26-35,No,Travel_Rarely,1,2,1,Male,1,Married,1,3
RM798,26,26-35,Yes,Travel_Rarely,21,3,1,Male,3,Divorced,3,2
RM844,26,26-35,No,Travel_Rarely,3,4,1,Male,4,Married,2,3
RM913,26,26-35,No,Travel_Rarely,4,2,3,Male,4,Single,2,2
RM999,26,26-35,No,Travel_Rarely,2,1,1,Male,4,Single,4,3
RM1005,26,26-35,No,Travel_Rarely,7,3,3,Male,1,Single,4,3
RM1119,26,26-35,No,Travel_Rarely,3,3,1,Female,4,Married,1,3
RM1207,26,26-35,No,Non-Travel,7,3,4,Male,4,Single,3,3
RM1225,26,26-35,No,Travel_Rarely,17,4,4,Male,3,Married,3,4
RM1298,26,26-35,Yes,Travel_Rarely,20,2,4,Female,2,Married,3,3
RM1310,26,26-35,No,Travel_Rarely,10,3,3,Male,4,Single,1,3
RM1350,26,26-35,No,Travel_Rarely,1,2,2,Female,3,Married,3,2
RM1362,26,26-35,No,Travel_Frequently,6,3,3,Male,4,Married,1,3
RM1387,26,26-35,No,Travel_Rarely,1,3,3,Male,1,Single,4,2
RM1465,26,26-35,No,Travel_Rarely,5,3,4,Female,3,Single,4,3
RM1465,26,26-35,No,Travel_Rarely,5,3,4,Female,3,Single,4,3
RM005,27,26-35,No,Travel_Rarely,2,1,1,Male,2,Married,4,3
RM042,27,26-35,No,Travel_Rarely,2,4,4,Female,1,Divorced,4,3
RM044,27,26-35,No,Travel_Frequently,8,3,4,Male,3,Single,4,3
RM162,27,26-35,No,Non-Travel,9,3,4,Male,2,Divorced,4,1
RM165,27,26-35,No,Non-Travel,3,3,3,Male,3,Divorced,4,2
RM171,27,26-35,No,Travel_Rarely,17,3,3,Male,2,Married,4,2
RM192,27,26-35,No,Travel_Rarely,9,3,4,Female,2,Single,4,2
RM201,27,26-35,No,Travel_Frequently,1,1,3,Male,1,Married,3,3
RM213,27,26-35,No,Travel_Frequently,20,3,4,Female,3,Single,4,3
RM319,27,26-35,No,Travel_Rarely,5,3,3,Female,2,Single,2,2
RM321,27,26-35,No,Travel_Rarely,2,3,4,Male,3,Single,1,3
RM332,27,26-35,No,Non-Travel,1,1,3,Male,2,Married,4,3
RM340,27,26-35,No,Travel_Rarely,8,4,2,Female,2,Married,1,3
RM374,27,26-35,No,Travel_Rarely,1,2,4,Male,2,Divorced,2,3
RM486,27,26-35,No,Travel_Rarely,6,4,1,Female,3,Divorced,3,2
RM496,27,26-35,Yes,Travel_Rarely,2,1,3,Male,1,Divorced,2,3
RM513,27,26-35,No,Travel_Rarely,3,4,1,Male,4,Single,4,3
RM522,27,26-35,No,Travel_Frequently,3,1,4,Female,4,Divorced,2,3
RM531,27,26-35,No,Travel_Rarely,1,2,3,Female,1,Married,4,3
RM538,27,26-35,No,Travel_Frequently,10,2,4,Male,1,Divorced,3,2
RM555,27,26-35,No,Travel_Rarely,7,3,4,Female,1,Single,1,1
RM577,27,26-35,No,Travel_Frequently,8,1,3,Male,4,Married,2,3
RM611,27,26-35,No,Travel_Rarely,5,1,3,Male,4,Divorced,2,3
RM616,27,26-35,No,Non-Travel,3,3,4,Male,4,Married,3,2
RM671,27,26-35,No,Travel_Rarely,4,3,2,Female,3,Single,3,3
RM718,27,26-35,No,Travel_Rarely,16,4,3,Female,2,Married,2,3
RM740,27,26-35,No,Travel_Rarely,2,4,1,Female,4,Married,2,3
RM787,27,26-35,No,Non-Travel,8,5,1,Male,3,Married,4,3
RM834,27,26-35,No,Travel_Rarely,6,3,4,Male,3,Married,3,3
RM890,27,26-35,No,Travel_Rarely,14,3,1,Male,1,Married,4,2
RM903,27,26-35,No,Travel_Rarely,4,2,1,Male,3,Divorced,2,3
RM971,27,26-35,No,Travel_Rarely,11,3,3,Female,4,Married,2,3
RM975,27,26-35,No,Travel_Frequently,2,1,4,Male,4,Single,2,3
RM997,27,26-35,No,Travel_Rarely,10,3,4,Female,4,Married,4,3
RM998,27,26-35,Yes,Travel_Rarely,17,4,4,Female,3,Single,4,3
RM1018,27,26-35,No,Travel_Rarely,11,1,2,Male,1,Married,2,4
RM1150,27,26-35,No,Travel_Rarely,19,3,4,Male,1,Divorced,1,3
RM1170,27,26-35,No,Travel_Rarely,8,3,2,Female,3,Married,1,3
RM1171,27,26-35,No,Travel_Frequently,2,3,4,Male,4,Single,3,2
RM1249,27,26-35,No,Travel_Rarely,8,3,3,Female,4,Single,3,2
RM1318,27,26-35,No,Travel_Frequently,5,2,4,Female,4,Single,3,2
RM1329,27,26-35,No,Travel_Rarely,23,1,2,Female,3,Married,4,3
RM1335,27,26-35,No,Travel_Frequently,15,3,4,Female,1,Married,4,2
RM1351,27,26-35,No,Travel_Rarely,2,2,1,Female,3,Single,2,2
RM1368,27,26-35,No,TravelRarely,2,4,2,Male,2,Married,3,2
RM1380,27,26-35,Yes,Travel_Frequently,22,3,1,Female,2,Married,1,3
RM1394,27,26-35,No,Travel_Rarely,9,3,4,Male,4,Single,1,3
RM1468,27,26-35,No,Travel_Rarely,4,3,2,Male,2,Married,2,3
RM1468,27,26-35,No,Travel_Rarely,4,3,2,Male,2,Married,2,3
RM015,28,26-35,Yes,Travel_Rarely,24,3,3,Male,3,Single,2,3
RM052,28,26-35,Yes,Travel_Rarely,5,4,3,Male,3,Single,3,2
RM098,28,26-35,No,Non-Travel,4,3,2,Male,3,Married,2,4
RM163,28,26-35,No,Travel_Rarely,21,3,3,Male,4,Married,3,1
RM265,28,26-35,Yes,Travel_Rarely,2,4,1,Male,3,Single,3,1
RM273,28,26-35,No,Travel_Rarely,9,3,4,Male,4,Married,4,2
RM290,28,26-35,No,Travel_Rarely,8,2,4,Female,4,Single,4,3
RM303,28,26-35,No,Travel_Rarely,16,2,2,Male,1,Single,3,3
RM324,28,26-35,Yes,Travel_Rarely,2,4,1,Male,4,Married,4,2
RM375,28,26-35,No,Travel_Rarely,9,4,2,Male,4,Single,4,3
RM405,28,26-35,No,Travel_Rarely,17,2,3,Male,1,Divorced,4,3
RM541,28,26-35,Yes,Travel_Rarely,1,2,1,Female,2,Single,4,3
RM599,28,26-35,Yes,Travel_Rarely,2,4,3,Male,3,Single,4,2
RM613,28,26-35,No,Travel_Rarely,2,4,2,Female,2,Married,1,3
RM630,28,26-35,No,Travel_Rarely,8,2,2,Male,4,Divorced,4,3
RM660,28,26-35,No,Travel_Rarely,5,4,1,Male,4,Single,2,3
RM669,28,26-35,No,Travel_Rarely,9,3,3,Female,3,Divorced,2,3
RM765,28,26-35,No,Travel_Rarely,10,1,4,Male,2,Married,2,3
RM781,28,26-35,Yes,Non-Travel,24,2,2,Male,1,Single,1,2
RM789,28,26-35,No,Travel_Rarely,10,3,3,Female,3,Single,4,4
RM794,28,26-35,No,Travel_Rarely,15,2,1,Male,3,Divorced,4,2
RM801,28,26-35,Yes,Travel_Frequently,1,3,1,Male,2,Divorced,1,3
RM810,28,26-35,No,Travel_Rarely,3,3,4,Female,2,Divorced,2,2
RM820,28,26-35,No,Travel_Rarely,2,1,1,Male,2,Married,1,1
RM828,28,26-35,No,Travel_Frequently,6,3,3,Male,3,Divorced,4,3
RM843,28,26-35,Yes,Travel_Rarely,12,1,3,Female,4,Married,4,2
RM869,28,26-35,No,Travel_Rarely,19,4,4,Male,1,Married,3,3
RM922,28,26-35,No,Travel_Frequently,1,4,4,Male,3,Single,3,2
RM930,28,26-35,No,Travel_Frequently,2,3,4,Male,4,Married,2,3
RM934,28,26-35,No,Travel_Rarely,1,3,4,Male,1,Single,2,2
RM945,28,26-35,No,Non-Travel,1,3,3,Female,4,Married,1,3
RM985,28,26-35,No,Travel_Rarely,26,3,3,Male,1,Married,3,3
RM1042,28,26-35,No,Travel_Rarely,5,3,4,Male,1,Single,4,3
RM1057,28,26-35,Yes,Travel_Frequently,1,3,1,Male,3,Married,4,4
RM1069,28,26-35,Yes,Travel_Frequently,2,2,3,Male,1,Single,3,2
RM1070,28,26-35,No,Travel_Rarely,1,3,1,Male,3,Divorced,4,1
RM1071,28,26-35,No,Travel_Frequently,7,3,3,Male,1,Single,4,3
RM1074,28,26-35,No,Travel_Rarely,29,1,3,Male,2,Married,2,2
RM1137,28,26-35,Yes,Travel_Rarely,24,3,3,Male,2,Married,3,3
RM1152,28,26-35,No,Travel_Rarely,27,3,2,Female,1,Divorced,2,2
RM1284,28,26-35,No,Travel_Rarely,1,3,3,Male,4,Married,3,4
RM1308,28,26-35,No,Travel_Rarely,1,3,3,Female,1,Married,3,3
RM1324,28,26-35,No,Non-Travel,1,2,3,Male,4,Divorced,2,3
RM1338,28,26-35,No,Travel_Rarely,3,3,2,Female,2,Married,4,3
RM1365,28,26-35,No,Travel_Frequently,1,2,3,Male,4,Married,3,3
RM1370,28,26-35,Yes,Travel_Rarely,13,2,4,Female,3,Single,4,3
RM1382,28,26-35,No,Non-Travel,16,3,3,Male,3,Single,3,2
RM1391,28,26-35,Yes,Travel_Rarely,17,3,3,Male,4,Divorced,1,2
RM012,29,26-35,No,Travel_Rarely,15,2,4,Female,3,Single,4,3
RM016,29,26-35,No,Travel_Rarely,21,4,2,Female,1,Divorced,3,3
RM072,29,26-35,No,Travel_Rarely,2,3,3,Male,2,Married,4,3
RM156,29,26-35,No,Non-Travel,1,1,4,Male,3,Married,1,3
RM206,29,26-35,Yes,Travel_Rarely,27,3,2,Female,4,Married,4,2
RM218,29,26-35,Yes,Travel_Rarely,1,3,3,Male,3,Single,4,2
RM228,29,26-35,No,Travel_Frequently,1,1,2,Female,4,Married,4,3
RM230,29,26-35,Yes,Travel_Rarely,18,1,3,Male,4,Single,3,2
RM253,29,26-35,No,Travel_Rarely,15,3,3,Male,4,Single,1,3
RM255,29,26-35,No,Travel_Rarely,20,2,4,Male,4,Divorced,4,3
RM266,29,26-35,No,Travel_Rarely,2,3,1,Male,2,Married,2,3
RM283,29,26-35,No,Travel_Frequently,2,2,2,Male,4,Single,1,2
RM337,29,26-35,Yes,Travel_Rarely,8,4,2,Male,1,Married,4,2
RM338,29,26-35,No,Travel_Rarely,9,5,2,Male,4,Single,3,3
RM344,29,26-35,No,Travel_Rarely,10,1,4,Female,2,Divorced,1,3
RM350,29,26-35,No,Non-Travel,2,3,4,Male,3,Married,1,2
RM372,29,26-35,No,Travel_Rarely,23,3,4,Male,4,Single,4,3
RM421,29,26-35,No,Travel_Rarely,3,4,2,Male,3,Married,3,3
RM422,29,26-35,Yes,Travel_Rarely,25,5,3,Female,2,Married,2,4
RM455,29,26-35,No,Travel_Rarely,19,3,4,Male,4,Divorced,2,4
RM508,29,26-35,No,Travel_Rarely,3,2,2,Female,3,Married,1,2
RM520,29,26-35,No,Travel_Frequently,1,4,2,Male,4,Divorced,4,3
RM547,29,26-35,No,Travel_Rarely,10,3,3,Male,3,Single,3,3
RM556,29,26-35,No,Travel_Rarely,10,3,4,Male,2,Divorced,4,3
RM573,29,26-35,No,Travel_Rarely,27,3,2,Female,3,Married,1,2
RM590,29,26-35,Yes,Travel_Rarely,1,2,2,Female,1,Married,4,3
RM595,29,26-35,No,Travel_Rarely,23,2,3,Male,3,Married,3,3
RM646,29,26-35,Yes,Travel_Rarely,1,3,2,Female,3,Divorced,3,3
RM658,29,26-35,No,Travel_Rarely,7,1,1,Female,4,Divorced,3,3
RM698,29,26-35,No,Travel_Frequently,20,3,3,Female,4,Married,2,3
RM712,29,26-35,Yes,Travel_Rarely,10,3,4,Female,1,Single,3,3
RM809,29,26-35,No,Travel_Rarely,28,4,3,Female,4,Divorced,1,3
RM824,29,26-35,No,Travel_Frequently,10,3,4,Female,2,Divorced,4,2
RM826,29,26-35,No,Travel_Rarely,8,1,2,Male,4,Married,3,2
RM837,29,26-35,Yes,Travel_Rarely,23,1,4,Female,1,Married,1,1
RM853,29,26-35,No,Travel_Rarely,6,1,2,Female,4,Married,1,3
RM860,29,26-35,No,Travel_Rarely,15,1,2,Female,4,Married,1,2
RM894,29,26-35,No,Travel_Rarely,1,3,1,Female,4,Divorced,1,3
RM904,29,26-35,No,Travel_Rarely,7,3,3,Male,4,Divorced,2,3
RM906,29,26-35,No,Travel_Rarely,1,3,4,Female,4,Divorced,2,2
RM933,29,26-35,Yes,Travel_Rarely,7,3,2,Female,3,Divorced,1,3
RM1006,29,26-35,No,Travel_Rarely,17,3,2,Male,1,Single,1,2
RM1008,29,26-35,Yes,Travel_Frequently,14,1,3,Female,4,Single,1,3
RM1058,29,26-35,Yes,Travel_Frequently,13,3,1,Female,2,Single,1,1
RM1064,29,26-35,No,Travel_Rarely,19,3,3,Male,3,Divorced,3,3
RM1073,29,26-35,No,Travel_Frequently,2,1,4,Female,2,Married,3,3
RM1078,29,26-35,Yes,Travel_Rarely,1,4,1,Male,1,Single,3,1
RM1091,29,26-35,No,Travel_Rarely,8,1,3,Female,1,Married,3,3
RM1105,29,26-35,No,Travel_Rarely,9,3,3,Male,3,Married,1,2
RM1123,29,26-35,No,Travel_Rarely,3,1,2,Male,1,Single,4,3
RM1126,29,26-35,No,Travel_Frequently,2,1,1,Male,4,Divorced,4,4
RM1173,29,26-35,No,Travel_Rarely,10,3,3,Male,3,Single,3,3
RM1189,29,26-35,No,Travel_Rarely,5,3,1,Male,2,Divorced,2,2
RM1220,29,26-35,No,Travel_Rarely,9,4,4,Female,3,Married,3,3
RM1250,29,26-35,Yes,Travel_Rarely,9,3,2,Female,2,Single,3,3
RM1251,29,26-35,No,Travel_Frequently,1,3,4,Male,3,Single,4,4
RM1259,29,26-35,No,Travel_Rarely,4,3,4,Female,1,Divorced,3,3
RM1314,29,26-35,Yes,Travel_Rarely,13,3,1,Male,1,Divorced,4,3
RM1319,29,26-35,No,Travel_Frequently,20,1,4,Male,4,Married,2,4
RM1325,29,26-35,No,Travel_Rarely,29,1,4,Male,3,Divorced,4,3
RM1330,29,26-35,No,TravelRarely,6,1,4,Male,2,Married,4,3
RM1333,29,26-35,Yes,Travel_Frequently,24,2,4,Male,4,Single,2,2
RM1344,29,26-35,No,Travel_Rarely,7,3,4,Male,1,Single,2,3
RM1366,29,26-35,Yes,Travel_Frequently,24,3,3,Male,1,Single,4,3
RM1388,29,26-35,No,Travel_Rarely,1,3,1,Male,1,Married,1,2
RM1443,29,26-35,Yes,Travel_Rarely,1,4,1,Male,4,Married,2,4
RM1460,29,26-35,No,Travel_Rarely,13,2,4,Male,2,Married,1,3
RM1461,29,26-35,No,Travel_Rarely,28,4,4,Female,1,Single,2,1
RM1461,29,26-35,No,Travel_Rarely,28,4,4,Female,1,Single,2,1
RM008,30,26-35,No,Travel_Rarely,24,1,4,Male,3,Divorced,2,3
RM033,30,26-35,No,Travel_Rarely,9,2,4,Male,3,Single,1,3
RM045,30,26-35,No,Travel_Frequently,1,2,3,Female,4,Single,4,3
RM081,30,26-35,No,Travel_Rarely,1,1,4,Male,4,Married,3,2
RM089,30,26-35,No,Travel_Rarely,2,3,3,Male,4,Married,1,3
RM093,30,26-35,No,Travel_Rarely,4,2,3,Female,2,Divorced,2,2
RM121,30,26-35,No,Travel_Frequently,23,3,1,Male,3,Divorced,3,2
RM140,30,26-35,No,Travel_Rarely,9,3,3,Male,4,Married,4,1
RM144,30,26-35,No,Travel_Rarely,18,3,1,Female,3,Single,3,2
RM146,30,26-35,No,Travel_Rarely,5,3,4,Female,1,Divorced,4,3
RM147,30,26-35,No,Travel_Rarely,2,1,2,Male,4,Single,4,3
RM168,30,26-35,No,Travel_Rarely,5,3,2,Female,4,Married,3,3
RM174,30,26-35,No,Non-Travel,9,3,3,Male,1,Divorced,3,3
RM212,30,26-35,No,Non-Travel,1,1,3,Male,3,Single,3,3
RM215,30,26-35,Yes,Travel_Rarely,3,3,4,Female,1,Single,3,3
RM217,30,26-35,Yes,Travel_Frequently,26,4,3,Female,1,Single,3,2
RM325,30,26-35,No,Travel_Rarely,28,2,4,Female,4,Married,4,3
RM339,30,26-35,No,Travel_Rarely,5,3,4,Female,3,Divorced,3,3
RM355,30,26-35,No,Non-Travel,25,2,4,Female,3,Married,2,4
RM382,30,26-35,No,Travel_Rarely,2,1,3,Male,2,Married,1,3
RM386,30,26-35,Yes,Travel_Frequently,4,3,3,Male,4,Single,3,3
RM403,30,26-35,No,Travel_Rarely,12,3,2,Female,3,Single,2,3
RM411,30,26-35,No,Travel_Rarely,2,3,3,Female,4,Single,3,3
RM420,30,26-35,No,Non-Travel,3,3,3,Male,4,Married,3,1
RM424,30,26-35,No,Non-Travel,22,4,3,Female,1,Married,3,3
RM427,30,26-35,No,Non-Travel,2,3,3,Female,4,Single,3,2
RM438,30,26-35,No,Travel_Rarely,7,1,4,Male,2,Single,1,3
RM481,30,26-35,Yes,Travel_Frequently,12,4,2,Male,1,Married,3,4
RM502,30,26-35,No,Travel_Frequently,3,3,3,Female,3,Divorced,3,3
RM546,30,26-35,No,Travel_Rarely,27,5,3,Male,4,Divorced,4,2
RM582,30,26-35,No,Travel_Rarely,1,3,4,Male,3,Married,3,3
RM603,30,26-35,No,Travel_Rarely,2,3,3,Female,4,Single,2,2
RM624,30,26-35,No,Travel_Frequently,5,4,2,Male,4,Divorced,2,2
RM703,30,26-35,No,Travel_Rarely,8,2,3,Male,3,Divorced,1,4
RM721,30,26-35,Yes,Travel_Rarely,22,3,1,Female,3,Married,2,3
RM731,30,26-35,No,Travel_Rarely,8,2,2,Female,1,Married,3,2
RM733,30,26-35,Yes,Travel_Frequently,5,3,2,Female,2,Single,1,3
RM783,30,26-35,No,Travel_Rarely,20,3,3,Male,1,Married,3,2
RM845,30,26-35,No,Travel_Rarely,10,3,3,Male,3,Married,1,3
RM866,30,26-35,No,Travel_Rarely,29,4,3,Male,1,Divorced,3,3
RM875,30,26-35,No,Travel_Rarely,7,4,3,Male,3,Divorced,1,2
RM887,30,26-35,No,Travel_Rarely,1,3,4,Male,2,Married,1,3
RM932,30,26-35,No,Non-Travel,9,2,3,Female,3,Single,3,3
RM942,30,26-35,No,Travel_Rarely,6,3,1,Female,4,Married,1,3
RM949,30,26-35,No,Travel_Rarely,17,4,2,Female,1,Married,4,3
RM1014,30,26-35,No,Travel_Rarely,7,4,4,Female,1,Divorced,2,3
RM1050,30,26-35,No,Travel_Rarely,16,1,4,Male,3,Married,3,2
RM1053,30,26-35,No,Non-Travel,7,3,3,Male,3,Divorced,2,2
RM1065,30,26-35,No,Travel_Rarely,1,3,3,Male,3,Divorced,1,4
RM1107,30,26-35,Yes,Travel_Rarely,1,3,2,Male,1,Married,4,3
RM1110,30,26-35,No,Travel_Rarely,29,4,3,Male,2,Married,2,3
RM1142,30,26-35,No,Travel_Rarely,7,3,2,Male,2,Married,2,2
RM1234,30,26-35,No,Travel_Rarely,16,1,2,Male,4,Married,2,2
RM1245,30,26-35,No,Travel_Frequently,2,4,4,Female,1,Single,4,3
RM1247,30,26-35,Yes,Travel_Frequently,8,3,3,Female,4,Divorced,3,2
RM1252,30,26-35,No,Travel_Rarely,15,2,3,Male,1,Divorced,1,3
RM1260,30,26-35,No,Travel_Rarely,16,3,3,Male,3,Married,3,3
RM1297,30,26-35,No,Travel_Rarely,10,3,1,Female,3,Single,2,3
RM1339,30,26-35,Yes,Travel_Rarely,9,3,2,Male,4,Single,3,2
RM1413,30,26-35,No,Travel_Rarely,1,2,4,Male,2,Married,3,2
RM013,31,26-35,No,Travel_Rarely,26,1,1,Male,3,Divorced,4,2
RM059,31,26-35,No,Travel_Rarely,7,4,4,Male,4,Divorced,4,2
RM073,31,26-35,No,Travel_Rarely,1,4,3,Male,2,Single,2,3
RM076,31,26-35,No,Travel_Rarely,8,4,3,Female,4,Single,4,3
RM125,31,26-35,Yes,Travel_Rarely,6,4,2,Male,3,Married,2,2
RM133,31,26-35,Yes,Travel_Rarely,20,3,2,Female,3,Married,3,3
RM181,31,26-35,No,Travel_Rarely,12,1,3,Female,4,Married,3,3
RM225,31,26-35,No,Non-Travel,1,4,3,Male,3,Married,4,3
RM246,31,26-35,No,Travel_Frequently,3,4,2,Male,3,Divorced,1,3
RM260,31,26-35,Yes,Travel_Frequently,29,2,3,Male,2,Single,2,4
RM267,31,26-35,No,Travel_Rarely,23,3,2,Male,4,Married,2,3
RM293,31,26-35,No,Travel_Frequently,5,3,4,Female,2,Divorced,3,2
RM304,31,26-35,No,Travel_Rarely,7,3,2,Male,4,Married,2,2
RM310,31,26-35,No,Travel_Rarely,5,4,3,Male,4,Married,3,3
RM311,31,26-35,No,Travel_Rarely,2,3,1,Male,1,Married,4,3
RM313,31,26-35,No,Travel_Rarely,2,4,3,Male,4,Divorced,2,1
RM322,31,26-35,No,Travel_Rarely,7,3,4,Male,4,Divorced,4,3
RM326,31,26-35,No,Travel_Frequently,7,2,3,Female,3,Married,1,3
RM343,31,26-35,No,Travel_Rarely,7,4,3,Female,4,Single,3,2
RM370,31,26-35,No,Travel_Rarely,9,4,3,Male,2,Single,4,3
RM395,31,26-35,No,Travel_Rarely,7,2,2,Female,1,Married,2,1
RM400,31,26-35,No,Travel_Rarely,1,2,4,Male,1,Married,3,3
RM435,31,26-35,No,Travel_Rarely,9,1,3,Male,2,Divorced,4,4
RM440,31,26-35,Yes,Travel_Frequently,20,3,1,Male,3,Married,1,3
RM451,31,26-35,No,Travel_Rarely,2,1,2,Male,4,Single,3,4
RM457,31,26-35,No,Travel_Rarely,7,3,3,Male,4,Divorced,3,2
RM483,31,26-35,Yes,Travel_Rarely,13,4,2,Male,1,Divorced,3,1
RM485,31,26-35,No,Travel_Rarely,6,4,1,Male,4,Divorced,4,4
RM645,31,26-35,No,Travel_Rarely,11,4,4,Male,4,Married,2,3
RM676,31,26-35,No,Travel_Rarely,7,4,2,Male,3,Married,2,4
RM680,31,26-35,No,Non-Travel,20,2,4,Female,3,Married,4,2
RM691,31,26-35,No,Travel_Rarely,12,3,4,Female,4,Married,3,1
RM710,31,26-35,Yes,Non-Travel,9,2,3,Male,1,Single,1,3
RM727,31,26-35,No,Travel_Frequently,1,1,3,Female,1,Married,3,3
RM819,31,26-35,No,Travel_Frequently,20,3,3,Male,4,Married,1,3
RM832,31,26-35,Yes,Travel_Frequently,15,3,3,Male,3,Married,3,2
RM896,31,26-35,No,Travel_Rarely,11,2,3,Male,1,Married,4,2
RM897,31,26-35,No,Travel_Rarely,24,3,3,Female,1,Single,2,3
RM951,31,26-35,No,Non-Travel,2,4,4,Female,3,Divorced,1,2
RM953,31,26-35,Yes,Travel_Frequently,1,3,4,Female,2,Single,1,4
RM981,31,26-35,Yes,Travel_Frequently,2,3,3,Female,4,Single,3,4
RM986,31,26-35,Yes,Travel_Rarely,22,4,4,Male,3,Married,4,2
RM1013,31,26-35,Yes,Travel_Frequently,1,4,2,Female,3,Single,2,3
RM1015,31,26-35,No,Travel_Rarely,8,5,1,Female,2,Single,3,4
RM1017,31,26-35,Yes,Travel_Rarely,8,3,1,Female,2,Single,3,4
RM1031,31,26-35,No,Travel_Rarely,8,2,1,Male,4,Divorced,1,3
RM1034,31,26-35,Yes,Travel_Frequently,1,5,3,Female,2,Single,1,3
RM1036,31,26-35,No,Travel_Rarely,8,2,4,Female,2,Single,4,3
RM1037,31,26-35,Yes,Travel_Frequently,2,3,2,Male,4,Married,3,1
RM1086,31,26-35,Yes,Travel_Frequently,3,3,4,Female,3,Single,1,1
RM1145,31,26-35,No,Travel_Frequently,2,4,4,Male,1,Single,4,3
RM1192,31,26-35,No,Travel_Rarely,5,4,1,Female,4,Married,1,3
RM1228,31,26-35,No,Travel_Rarely,2,4,2,Male,3,Married,4,4
RM1240,31,26-35,No,Travel_Frequently,24,1,4,Female,4,Single,4,2
RM1248,31,26-35,No,Travel_Rarely,5,3,1,Male,3,Married,3,3
RM1258,31,26-35,Yes,Travel_Rarely,16,4,1,Male,3,Married,1,3
RM1275,31,26-35,No,Travel_Rarely,29,4,1,Female,4,Married,1,3
RM1307,31,26-35,No,Travel_Frequently,7,4,1,Female,1,Married,4,3
RM1313,31,26-35,Yes,Travel_Rarely,18,5,4,Male,1,Married,3,3
RM1342,31,26-35,No,Travel_Rarely,20,3,2,Male,3,Divorced,1,3
RM1359,31,26-35,No,Travel_Rarely,10,2,3,Female,4,Divorced,4,3
RM1361,31,26-35,No,Travel_Rarely,4,3,1,Female,3,Divorced,2,2
RM1383,31,26-35,No,Non-Travel,3,2,3,Male,1,Divorced,4,4
RM1390,31,26-35,No,Travel_Frequently,1,3,4,Male,1,Married,2,3
RM1396,31,26-35,Yes,Travel_Frequently,26,4,1,Male,4,Married,3,3
RM1403,31,26-35,No,Travel_Rarely,2,1,4,Female,4,Divorced,3,3
RM1406,31,26-35,No,Non-Travel,10,3,3,Female,3,Married,3,4
RM1418,31,26-35,No,Travel_Rarely,2,2,1,Male,3,Married,3,3
RM1464,31,26-35,No,Non-Travel,5,3,2,Male,1,Single,2,3
RM1464,31,26-35,No,Non-Travel,5,3,2,Male,1,Single,2,3
RM006,32,26-35,No,Travel_Frequently,2,2,4,Male,4,Single,3,2
RM017,32,26-35,No,Travel_Rarely,5,2,1,Male,2,Divorced,4,2
RM027,32,26-35,Yes,Travel_Frequently,16,1,2,Female,1,Single,2,3
RM061,32,26-35,No,Travel_Rarely,1,3,1,Male,4,Married,2,3
RM074,32,26-35,No,Travel_Rarely,1,3,2,Male,2,Married,2,3
RM095,32,26-35,No,Travel_Rarely,6,4,2,Male,3,Single,1,3
RM102,32,26-35,No,Travel_Rarely,1,1,4,Male,1,Single,4,3
RM141,32,26-35,Yes,Travel_Rarely,9,3,1,Female,1,Single,1,4
RM145,32,26-35,No,Travel_Frequently,9,2,4,Male,4,Divorced,4,4
RM155,32,26-35,No,Travel_Frequently,8,3,2,Female,4,Single,4,3
RM170,32,26-35,No,Travel_Rarely,6,5,3,Male,3,Single,1,3
RM211,32,26-35,Yes,Travel_Rarely,4,4,4,Male,4,Married,3,2
RM239,32,26-35,No,Travel_Rarely,4,2,3,Female,2,Married,1,3
RM240,32,26-35,Yes,Travel_Rarely,1,3,4,Male,3,Single,4,1
RM242,32,26-35,No,Non-Travel,26,4,3,Male,4,Married,1,3
RM261,32,26-35,No,Travel_Frequently,7,3,2,Male,2,Married,3,1
RM263,32,26-35,No,Travel_Rarely,2,1,4,Male,1,Single,4,3
RM307,32,26-35,No,Travel_Rarely,7,3,4,Male,3,Married,3,2
RM320,32,26-35,No,Travel_Rarely,8,2,3,Female,2,Married,4,3
RM323,32,26-35,No,Travel_Rarely,2,4,1,Female,4,Single,3,2
RM352,32,26-35,No,Travel_Rarely,2,3,3,Female,2,Married,3,3
RM470,32,26-35,Yes,Non-Travel,11,4,4,Male,3,Married,4,3
RM501,32,26-35,No,Travel_Rarely,9,4,1,Female,4,Married,4,2
RM528,32,26-35,No,Travel_Rarely,10,3,4,Male,4,Single,4,2
RM532,32,26-35,No,Travel_Rarely,3,2,3,Female,4,Single,4,3
RM559,32,26-35,No,Travel_Frequently,24,4,1,Male,4,Married,4,3
RM601,32,26-35,No,Travel_Rarely,4,3,3,Female,3,Married,3,3
RM623,32,26-35,No,Travel_Rarely,13,4,2,Male,4,Divorced,3,2
RM627,32,26-35,No,Travel_Rarely,8,2,3,Female,3,Married,3,2
RM638,32,26-35,No,Non-Travel,1,3,4,Male,4,Divorced,2,3
RM642,32,26-35,No,Travel_Frequently,5,2,2,Male,2,Married,4,3
RM657,32,26-35,Yes,Travel_Rarely,25,4,1,Male,4,Single,3,1
RM683,32,26-35,No,Non-Travel,1,3,3,Female,2,Married,3,3
RM693,32,26-35,No,Travel_Rarely,3,4,3,Female,1,Married,3,4
RM757,32,26-35,No,Non-Travel,29,4,4,Female,3,Single,2,3
RM851,32,26-35,No,Non-Travel,2,1,3,Female,1,Divorced,3,3
RM881,32,26-35,No,Travel_Frequently,13,3,3,Female,2,Married,3,3
RM882,32,26-35,No,Travel_Frequently,2,2,4,Female,3,Single,4,3
RM936,32,26-35,No,Travel_Rarely,8,3,3,Male,4,Married,3,4
RM940,32,26-35,Yes,Travel_Rarely,7,2,4,Male,3,Married,1,3
RM992,32,26-35,No,Travel_Rarely,2,1,3,Male,2,Married,1,2
RM1027,32,26-35,No,Travel_Rarely,7,5,4,Male,4,Married,3,2
RM1076,32,26-35,No,Travel_Rarely,10,3,3,Male,4,Single,2,4
RM1102,32,26-35,No,Travel_Rarely,5,2,4,Female,2,Married,1,3
RM1114,32,26-35,No,Non-Travel,1,4,4,Male,1,Married,2,2
RM1140,32,26-35,No,Travel_Rarely,5,4,2,Female,4,Married,4,3
RM1191,32,26-35,No,Travel_Rarely,2,3,4,Male,2,Divorced,3,2
RM1206,32,26-35,Yes,Travel_Rarely,2,4,4,Male,2,Single,1,3
RM1227,32,26-35,No,Travel_Frequently,10,3,1,Male,3,Married,1,2
RM1238,32,26-35,Yes,Travel_Rarely,1,2,1,Male,2,Single,2,3
RM1242,32,26-35,No,Travel_Rarely,19,3,4,Male,3,Married,3,1
RM1261,32,26-35,No,Non-Travel,5,4,2,Male,2,Single,2,3
RM1320,32,26-35,No,Travel_Frequently,10,4,4,Male,4,Single,3,4
RM1327,32,26-35,Yes,Travel_Rarely,2,4,3,Male,2,Single,3,2
RM1376,32,26-35,Yes,Travel_Frequently,5,2,1,Female,3,Single,1,3
RM1389,32,26-35,No,Non-Travel,15,4,3,Female,4,Divorced,2,3
RM1395,32,26-35,No,Travel_Rarely,5,4,4,Male,4,Single,2,3
RM1427,32,26-35,No,Travel_Rarely,29,4,3,Female,2,Single,3,3
RM1429,32,26-35,No,Travel_Rarely,1,4,2,Male,2,Married,2,3
RM1432,32,26-35,No,Travel_Rarely,1,4,3,Female,4,Married,3,3
RM1450,32,26-35,No,Travel_Rarely,2,3,4,Male,1,Single,4,3
RM004,33,26-35,No,Travel_Frequently,3,4,4,Female,3,Married,3,3
RM031,33,26-35,No,Travel_Rarely,2,3,3,Male,4,Single,4,3
RM040,33,26-35,No,Travel_Frequently,1,3,3,Female,1,Married,1,3
RM056,33,26-35,No,Travel_Frequently,1,2,1,Female,4,Single,3,3
RM122,33,26-35,No,Non-Travel,22,2,3,Male,2,Married,1,4
RM177,33,26-35,No,Travel_Rarely,2,3,3,Male,4,Single,1,4
RM186,33,26-35,No,Travel_Rarely,14,3,4,Female,2,Married,4,3
RM222,33,26-35,No,Travel_Rarely,4,4,3,Female,2,Married,4,3
RM235,33,26-35,Yes,Travel_Rarely,14,3,3,Male,4,Married,3,1
RM237,33,26-35,Yes,Travel_Rarely,2,2,1,Female,1,Married,1,4
RM247,33,26-35,No,Travel_Rarely,5,4,3,Female,4,Married,3,2
RM314,33,26-35,No,Travel_Frequently,5,4,4,Female,2,Married,2,3
RM329,33,26-35,No,Travel_Frequently,10,3,2,Male,4,Single,3,2
RM364,33,26-35,Yes,Travel_Rarely,5,3,4,Female,3,Single,2,3
RM436,33,26-35,Yes,Travel_Rarely,15,1,2,Male,3,Married,4,4
RM437,33,26-35,Yes,Travel_Rarely,10,1,1,Male,4,Divorced,1,3
RM456,33,26-35,No,Travel_Rarely,1,5,1,Female,3,Divorced,3,3
RM500,33,26-35,No,Travel_Rarely,8,4,3,Male,3,Divorced,4,3
RM510,33,26-35,No,Travel_Frequently,6,3,3,Male,4,Divorced,3,1
RM515,33,26-35,Yes,Travel_Frequently,3,3,1,Male,1,Single,1,3
RM563,33,26-35,Yes,Travel_Rarely,1,4,4,Male,4,Single,3,2
RM591,33,26-35,No,Travel_Rarely,7,3,3,Male,3,Married,4,4
RM592,33,26-35,Yes,Travel_Rarely,16,3,1,Female,1,Single,3,3
RM620,33,26-35,No,Travel_Rarely,1,3,1,Male,1,Divorced,1,3
RM656,33,26-35,No,Travel_Rarely,3,2,4,Male,2,Divorced,3,4
RM674,33,26-35,No,Travel_Rarely,1,4,3,Male,1,Single,2,3
RM695,33,26-35,No,Travel_Rarely,1,3,2,Female,4,Single,1,3
RM711,33,26-35,No,Non-Travel,17,3,4,Male,3,Single,4,3
RM713,33,26-35,No,Travel_Rarely,13,1,2,Female,4,Single,1,3
RM716,33,26-35,No,Travel_Frequently,1,4,3,Female,2,Married,1,3
RM755,33,26-35,No,Non-Travel,8,1,2,Female,4,Single,4,2
RM791,33,26-35,No,Travel_Rarely,5,3,4,Male,4,Divorced,3,3
RM793,33,26-35,Yes,Travel_Frequently,29,4,1,Female,3,Single,2,3
RM799,33,26-35,Yes,Travel_Rarely,25,3,1,Male,2,Single,2,3
RM803,33,26-35,No,Travel_Frequently,7,3,4,Female,2,Married,3,3
RM830,33,26-35,Yes,Travel_Rarely,9,4,1,Female,1,Single,1,3
RM864,33,26-35,No,Travel_Rarely,2,3,2,Male,3,Married,4,3
RM873,33,26-35,No,Travel_Frequently,25,3,2,Female,3,Married,1,2
RM884,33,26-35,No,Travel_Rarely,9,3,1,Male,4,Married,2,3
RM909,33,26-35,No,Travel_Rarely,10,5,4,Male,3,Divorced,4,3
RM991,33,26-35,No,Travel_Frequently,5,1,2,Male,4,Married,1,4
RM1048,33,26-35,No,Travel_Frequently,7,3,4,Male,1,Married,1,3
RM1067,33,26-35,No,Travel_Rarely,4,4,1,Female,2,Married,4,3
RM1075,33,26-35,No,Travel_Rarely,8,5,4,Male,3,Single,1,3
RM1092,33,26-35,No,Travel_Rarely,25,3,4,Male,2,Single,4,3
RM1096,33,26-35,No,Travel_Rarely,28,4,2,Male,3,Married,2,3
RM1106,33,26-35,No,Travel_Rarely,8,4,1,Male,1,Married,4,1
RM1190,33,26-35,No,Travel_Rarely,2,4,4,Male,4,Divorced,3,3
RM1199,33,26-35,No,Non-Travel,16,3,3,Female,4,Divorced,3,3
RM1211,33,26-35,No,Travel_Rarely,21,3,2,Male,2,Married,4,3
RM1254,33,26-35,No,Non-Travel,2,3,4,Female,2,Single,4,2
RM1256,33,26-35,Yes,Travel_Rarely,16,3,1,Female,1,Single,3,2
RM1266,33,26-35,No,Non-Travel,4,3,4,Male,2,Divorced,4,2
RM1283,33,26-35,No,Travel_Rarely,8,4,4,Male,1,Married,2,3
RM1364,33,26-35,No,Travel_Rarely,10,4,2,Male,3,Single,2,2
RM1399,33,26-35,No,Travel_Frequently,7,2,4,Male,3,Divorced,3,3
RM1416,33,26-35,No,Non-Travel,1,2,2,Male,3,Divorced,3,2
RM1426,33,26-35,No,Travel_Rarely,15,2,2,Female,4,Married,1,3
RM014,34,26-35,No,TravelRarely,19,2,2,Male,4,Divorced,3,3
RM023,34,26-35,No,TravelRarely,7,4,1,Female,2,Single,3,3
RM025,34,26-35,Yes,Travel_Rarely,6,1,2,Male,1,Single,3,3
RM047,34,26-35,No,Non-Travel,23,4,2,Male,3,Single,3,3
RM085,34,26-35,No,Travel_Rarely,1,2,1,Male,2,Married,3,3
RM104,34,26-35,No,Travel_Rarely,6,4,1,Female,3,Single,3,3
RM112,34,26-35,Yes,Travel_Frequently,7,3,1,Male,3,Single,4,3
RM115,34,26-35,No,Travel_Rarely,6,4,3,Female,2,Divorced,3,3
RM117,34,26-35,No,Travel_Rarely,5,3,3,Female,1,Single,4,3
RM160,34,26-35,No,Travel_Frequently,2,4,3,Female,3,Married,4,3
RM182,34,26-35,No,Travel_Rarely,27,2,4,Female,2,Single,4,3
RM189,34,26-35,No,Travel_Frequently,2,1,4,Male,3,Married,3,2
RM203,34,26-35,No,Travel_Frequently,10,4,4,Male,3,Divorced,4,4
RM248,34,26-35,No,Travel_Rarely,2,4,4,Male,1,Married,2,3
RM379,34,26-35,Yes,Non-Travel,19,3,1,Male,4,Single,2,2
RM394,34,26-35,No,Non-Travel,4,4,3,Female,3,Married,1,3
RM416,34,26-35,Yes,Travel_Frequently,6,2,4,Female,3,Divorced,4,2
RM433,34,26-35,No,Travel_Rarely,2,4,4,Male,3,Divorced,3,3
RM441,34,26-35,Yes,Travel_Frequently,23,3,2,Female,1,Divorced,3,3
RM463,34,26-35,No,Travel_Rarely,21,4,4,Male,4,Single,4,3
RM482,34,26-35,No,Travel_Rarely,1,2,2,Male,4,Married,4,3
RM495,34,26-35,No,Travel_Rarely,14,3,3,Female,3,Divorced,4,3
RM504,34,26-35,No,Travel_Rarely,1,5,2,Male,4,Married,4,2
RM525,34,26-35,No,Travel_Rarely,9,3,4,Female,2,Single,2,4
RM550,34,26-35,No,Travel_Rarely,8,2,2,Female,3,Single,4,3
RM561,34,26-35,No,Travel_Rarely,8,5,2,Female,1,Divorced,3,3
RM568,34,26-35,No,Travel_Rarely,2,3,4,Male,4,Single,3,3
RM575,34,26-35,No,Travel_Rarely,1,4,2,Female,4,Single,3,3
RM580,34,26-35,No,Travel_Rarely,2,4,3,Female,1,Single,3,3
RM584,34,26-35,No,Travel_Rarely,8,2,3,Female,1,Married,2,3
RM607,34,26-35,No,Travel_Frequently,16,4,3,Female,4,Single,3,3
RM614,34,26-35,No,Travel_Rarely,3,2,3,Male,4,Married,3,1
RM672,34,26-35,No,Travel_Rarely,10,3,2,Male,2,Divorced,2,3
RM758,34,26-35,No,Travel_Rarely,1,4,2,Male,4,Divorced,4,2
RM764,34,26-35,No,Travel_Rarely,10,4,3,Female,3,Married,4,3
RM795,34,26-35,No,Travel_Frequently,3,1,1,Male,4,Single,3,2
RM804,34,26-35,No,Non-Travel,3,4,3,Male,4,Married,4,3
RM823,34,26-35,No,Travel_Frequently,2,2,4,Male,3,Single,4,2
RM835,34,26-35,No,Travel_Rarely,9,1,2,Female,3,Married,1,2
RM848,34,26-35,No,Travel_Frequently,1,3,4,Male,1,Single,3,3
RM907,34,26-35,No,Travel_Rarely,20,3,3,Female,3,Married,4,2
RM918,34,26-35,No,Travel_Rarely,2,3,3,Female,1,Single,4,3
RM921,34,26-35,No,Travel_Frequently,19,3,3,Female,2,Divorced,3,4
RM924,34,26-35,No,Travel_Frequently,11,3,3,Male,2,Married,4,4
RM959,34,26-35,No,Travel_Rarely,9,3,4,Male,4,Divorced,4,2
RM965,34,26-35,No,Travel_Rarely,15,2,3,Female,1,Single,4,4
RM978,34,26-35,No,Non-Travel,26,1,1,Female,3,Divorced,3,3
RM980,34,26-35,No,Travel_Rarely,29,3,2,Male,3,Married,1,3
RM984,34,26-35,No,Travel_Rarely,2,4,3,Female,4,Single,4,4
RM1016,34,26-35,No,Travel_Frequently,1,4,4,Male,1,Divorced,3,3
RM1028,34,26-35,No,Travel_Rarely,1,3,4,Female,2,Married,1,2
RM1040,34,26-35,Yes,Travel_Rarely,9,4,1,Female,3,Married,4,3
RM1049,34,26-35,No,Travel_Rarely,3,3,4,Male,1,Single,4,3
RM1056,34,26-35,No,Travel_Frequently,15,3,2,Male,1,Divorced,4,2
RM1059,34,26-35,Yes,Travel_Rarely,24,4,1,Female,2,Single,3,4
RM1085,34,26-35,No,Travel_Rarely,1,3,4,Male,3,Married,4,3
RM1088,34,26-35,No,Travel_Rarely,7,2,2,Male,3,Married,2,3
RM1116,34,26-35,No,Travel_Rarely,7,4,1,Male,4,Single,3,1
RM1118,34,26-35,No,Travel_Rarely,1,4,2,Male,4,Married,2,2
RM1132,34,26-35,No,Travel_Frequently,10,4,4,Male,3,Married,2,2
RM1147,34,26-35,No,Travel_Frequently,10,4,3,Male,4,Divorced,1,3
RM1180,34,26-35,No,Travel_Rarely,3,3,4,Female,2,Divorced,3,3
RM1209,34,26-35,No,Travel_Rarely,5,2,2,Male,4,Married,3,4
RM1213,34,26-35,No,Travel_Rarely,19,3,2,Female,4,Married,2,3
RM1253,34,26-35,No,Travel_Rarely,2,4,4,Male,4,Married,1,3
RM1268,34,26-35,No,Non-Travel,10,3,4,Male,3,Divorced,3,3
RM1271,34,26-35,No,Travel_Rarely,3,2,4,Female,4,Single,1,3
RM1291,34,26-35,Yes,Travel_Frequently,9,4,4,Male,1,Married,3,2
RM1301,34,26-35,No,Travel_Rarely,8,2,2,Male,3,Married,3,3
RM1343,34,26-35,No,Travel_Rarely,4,3,3,Male,4,Married,4,3
RM1354,34,26-35,Yes,Non-Travel,16,4,4,Male,1,Married,2,3
RM1360,34,26-35,No,Travel_Rarely,3,1,4,Female,4,Married,3,2
RM1369,34,26-35,No,Travel_Frequently,22,4,3,Male,4,Married,2,3
RM1385,34,26-35,No,Travel_Rarely,1,3,1,Male,4,Single,1,2
RM1386,34,26-35,No,Travel_Rarely,13,4,4,Male,3,Divorced,3,2
RM1447,34,26-35,No,Travel_Rarely,28,3,4,Female,3,Married,4,3
RM1470,34,26-35,No,TravelRarely,8,3,2,Male,3,Married,1,4
RM1470,34,26-35,No,TravelRarely,8,3,2,Male,3,Married,1,4
RM011,35,26-35,No,Travel_Rarely,16,3,1,Male,2,Married,3,3
RM038,35,26-35,No,Travel_Rarely,2,3,4,Female,4,Married,1,3
RM041,35,26-35,No,Travel_Rarely,4,2,3,Male,4,Divorced,3,3
RM050,35,26-35,No,Travel_Rarely,8,1,4,Male,4,Married,4,3
RM054,35,26-35,No,Non-Travel,11,2,3,Male,1,Married,3,3
RM057,35,26-35,No,Travel_Frequently,18,5,2,Male,1,Married,4,2
RM058,35,26-35,No,Travel_Rarely,23,4,3,Female,1,Married,3,3
RM069,35,26-35,No,Travel_Frequently,1,3,2,Male,1,Married,4,2
RM077,35,26-35,No,Travel_Rarely,1,4,3,Male,1,Single,2,3
RM082,35,26-35,No,Travel_Rarely,1,3,2,Male,3,Single,1,3
RM152,35,26-35,No,Travel_Rarely,1,5,3,Male,2,Married,1,3
RM193,35,26-35,Yes,Travel_Rarely,23,2,2,Male,3,Married,1,3
RM197,35,26-35,No,Travel_Frequently,2,3,2,Female,2,Single,4,3
RM229,35,26-35,No,Travel_Frequently,1,3,3,Female,3,Single,1,4
RM277,35,26-35,No,Travel_Rarely,22,3,2,Female,2,Divorced,2,2
RM298,35,26-35,No,Travel_Rarely,16,3,3,Male,2,Married,3,2
RM345,35,26-35,No,Travel_Rarely,5,4,3,Male,2,Single,4,3
RM373,35,26-35,No,Travel_Rarely,9,4,3,Male,2,Single,3,3
RM431,35,26-35,No,Travel_Rarely,22,3,4,Male,3,Single,3,3
RM439,35,26-35,No,Travel_Rarely,16,3,4,Male,3,Married,3,3
RM448,35,26-35,No,Travel_Rarely,1,3,2,Male,3,Married,3,3
RM462,35,26-35,No,Travel_Rarely,1,3,1,Female,3,Single,4,3
RM484,35,26-35,No,Travel_Rarely,25,2,1,Male,4,Single,4,3
RM509,35,26-35,No,Travel_Rarely,6,4,2,Male,4,Single,2,3
RM516,35,26-35,No,Non-Travel,3,3,3,Male,3,Married,3,3
RM558,35,26-35,No,Non-Travel,2,4,4,Female,1,Divorced,1,4
RM581,35,26-35,No,Travel_Rarely,8,4,1,Female,4,Married,2,2
RM597,35,26-35,No,Travel_Rarely,1,4,4,Female,3,Single,3,3
RM612,35,26-35,No,Travel_Rarely,7,3,3,Male,3,Single,2,4
RM621,35,26-35,No,Travel_Rarely,27,1,3,Female,1,Single,4,2
RM636,35,26-35,No,Travel_Rarely,9,3,4,Female,3,Married,2,3
RM637,35,26-35,Yes,Travel_Frequently,25,4,4,Female,2,Divorced,1,2
RM648,35,26-35,No,Travel_Rarely,25,3,4,Male,2,Married,1,3
RM677,35,26-35,No,Travel_Rarely,21,1,4,Female,4,Married,4,1
RM699,35,26-35,No,Travel_Rarely,18,3,3,Female,3,Married,2,3
RM705,35,26-35,No,Travel_Rarely,3,4,4,Male,4,Divorced,2,3
RM726,35,26-35,Yes,Travel_Rarely,14,4,3,Male,2,Divorced,4,1
RM730,35,26-35,No,Travel_Rarely,25,4,3,Female,3,Divorced,3,2
RM741,35,26-35,No,Travel_Rarely,10,3,2,Male,4,Divorced,1,2
RM792,35,26-35,Yes,Travel_Rarely,4,3,4,Male,1,Single,1,3
RM821,35,26-35,No,Travel_Frequently,11,2,4,Male,4,Divorced,4,3
RM836,35,26-35,No,Travel_Rarely,8,4,3,Male,3,Single,2,1
RM841,35,26-35,No,Travel_Rarely,1,4,4,Male,3,Married,2,3
RM847,35,26-35,No,Travel_Rarely,2,3,3,Male,2,Divorced,2,4
RM849,35,26-35,No,Travel_Frequently,4,4,4,Male,4,Married,2,4
RM871,35,26-35,No,Travel_Rarely,17,4,3,Male,1,Married,4,3
RM889,35,26-35,No,Non-Travel,8,2,3,Female,4,Married,2,2
RM925,35,26-35,No,Travel_Rarely,6,1,3,Male,3,Married,4,3
RM962,35,26-35,No,Travel_Frequently,4,4,3,Male,3,Single,2,3
RM974,35,26-35,No,Travel_Rarely,1,3,4,Female,4,Married,2,3
RM982,35,26-35,Yes,Travel_Frequently,18,4,4,Female,3,Married,3,2
RM1003,35,26-35,No,Travel_Frequently,18,2,3,Male,4,Single,3,3
RM1060,35,26-35,No,Travel_Rarely,7,1,4,Male,3,Married,1,3
RM1082,35,26-35,No,Travel_Rarely,16,3,4,Female,2,Single,4,1
RM1101,35,26-35,No,Travel_Rarely,28,4,2,Female,3,Married,1,3
RM1109,35,26-35,No,Travel_Rarely,1,3,4,Male,1,Single,2,3
RM1111,35,26-35,Yes,Travel_Rarely,2,3,1,Female,1,Divorced,4,3
RM1124,35,26-35,No,Travel_Rarely,10,4,1,Female,3,Single,3,3
RM1131,35,26-35,No,Travel_Rarely,28,3,2,Male,3,Married,4,2
RM1135,35,26-35,No,Travel_Rarely,7,2,3,Male,4,Married,4,2
RM1151,35,26-35,No,Travel_Rarely,18,5,2,Male,1,Married,4,3
RM1158,35,26-35,No,Non-Travel,8,4,3,Female,3,Married,4,3
RM1163,35,26-35,Yes,Travel_Rarely,10,3,4,Male,1,Married,3,3
RM1168,35,26-35,Yes,Travel_Rarely,15,2,1,Male,4,Divorced,4,2
RM1187,35,26-35,Yes,Travel_Frequently,12,4,4,Male,4,Single,1,4
RM1216,35,26-35,No,Travel_Frequently,2,4,1,Male,4,Single,3,4
RM1233,35,26-35,No,Travel_Rarely,27,4,4,Male,3,Married,2,3
RM1282,35,26-35,Yes,Travel_Rarely,27,3,3,Male,4,Single,4,3
RM1289,35,26-35,No,Non-Travel,2,2,2,Male,4,Divorced,3,3
RM1303,35,26-35,No,Travel_Rarely,23,4,2,Male,3,Married,2,4
RM1346,35,26-35,No,Travel_Rarely,16,2,4,Female,2,Married,4,3
RM1381,35,26-35,No,Travel_Rarely,18,4,2,Male,1,Married,4,1
RM1393,35,26-35,No,Travel_Rarely,7,4,3,Female,4,Married,4,3
RM1423,35,26-35,No,TravelRarely,11,4,4,Male,3,Married,3,3
RM1425,35,26-35,No,Travel_Rarely,9,4,2,Male,3,Single,2,3
RM1451,35,26-35,No,Travel_Rarely,26,4,3,Female,4,Single,3,3
RM1457,35,26-35,No,Travel_Frequently,18,4,3,Male,3,Married,4,4
RM1459,35,26-35,No,Travel_Rarely,1,4,3,Female,4,Married,4,3
RM010,36,36-45,No,Travel_Rarely,27,3,3,Male,3,Married,2,2
RM022,36,36-45,Yes,Travel_Rarely,9,4,3,Male,1,Single,2,3
RM039,36,36-45,No,Travel_Rarely,5,4,2,Female,1,Married,4,4
RM065,36,36-45,No,Travel_Rarely,8,3,3,Female,3,Divorced,2,3
RM067,36,36-45,No,Travel_Frequently,11,3,2,Male,2,Single,3,3
RM070,36,36-45,Yes,Travel_Rarely,9,3,4,Male,3,Married,1,2
RM075,36,36-45,No,Travel_Rarely,6,3,2,Female,4,Married,2,3
RM118,36,36-45,No,Travel_Frequently,11,2,2,Female,4,Married,3,3
RM119,36,36-45,No,Travel_Rarely,3,2,1,Female,4,Divorced,1,3
RM136,36,36-45,No,Travel_Rarely,6,2,2,Male,2,Divorced,4,3
RM173,36,36-45,No,Travel_Frequently,3,2,4,Male,2,Single,3,2
RM208,36,36-45,No,Travel_Frequently,18,1,2,Female,4,Single,1,3
RM221,36,36-45,No,Travel_Rarely,5,2,4,Male,2,Single,4,4
RM270,36,36-45,No,Travel_Rarely,6,3,4,Male,4,Married,3,3
RM292,36,36-45,No,Travel_Rarely,3,3,3,Male,2,Single,4,3
RM299,36,36-45,No,Travel_Frequently,18,4,3,Male,4,Married,4,3
RM306,36,36-45,No,Non-Travel,24,4,2,Female,2,Married,3,3
RM359,36,36-45,No,Non-Travel,1,5,4,Female,4,Single,2,3
RM360,36,36-45,No,Travel_Frequently,3,4,1,Male,4,Married,1,3
RM378,36,36-45,No,Travel_Rarely,2,3,4,Female,3,Married,2,3
RM385,36,36-45,No,Travel_Rarely,2,2,2,Male,3,Married,2,3
RM443,36,36-45,No,Non-Travel,10,4,2,Male,4,Single,4,2
RM512,36,36-45,No,Travel_Rarely,9,2,2,Male,2,Divorced,3,3
RM542,36,36-45,No,Non-Travel,8,3,1,Female,1,Married,1,3
RM570,36,36-45,No,Non-Travel,8,4,1,Male,1,Single,2,3
RM594,36,36-45,No,Travel_Rarely,1,3,3,Female,2,Married,1,3
RM600,36,36-45,No,Travel_Rarely,13,3,3,Male,2,Married,2,3
RM622,36,36-45,No,Travel_Rarely,1,2,2,Male,4,Married,4,2
RM634,36,36-45,No,Travel_Rarely,8,3,1,Male,1,Married,3,3
RM665,36,36-45,No,Travel_Rarely,14,1,3,Male,4,Married,1,2
RM681,36,36-45,No,Travel_Rarely,7,4,2,Male,4,Single,3,3
RM688,36,36-45,No,Travel_Rarely,2,4,3,Male,3,Single,3,3
RM694,36,36-45,Yes,Travel_Rarely,3,1,3,Male,4,Married,1,3
RM709,36,36-45,No,Non-Travel,8,4,1,Male,4,Divorced,4,3
RM753,36,36-45,Yes,Travel_Rarely,16,4,3,Female,1,Single,3,3
RM762,36,36-45,Yes,Travel_Rarely,15,3,1,Male,3,Divorced,2,2
RM774,36,36-45,No,Travel_Rarely,12,5,4,Female,4,Single,2,2
RM818,36,36-45,No,Non-Travel,18,4,1,Male,4,Single,1,3
RM874,36,36-45,No,Travel_Rarely,6,4,3,Male,3,Divorced,3,3
RM883,36,36-45,No,Travel_Rarely,1,3,3,Female,1,Divorced,3,3
RM901,36,36-45,No,Travel_Frequently,3,3,3,Male,2,Married,3,2
RM928,36,36-45,No,Travel_Rarely,2,4,3,Female,2,Single,4,3
RM943,36,36-45,No,Travel_Rarely,10,4,4,Female,3,Married,1,3
RM969,36,36-45,No,Travel_Frequently,7,3,1,Female,1,Married,4,2
RM1012,36,36-45,No,Travel_Rarely,3,4,1,Female,2,Single,4,3
RM1019,36,36-45,No,Travel_Rarely,4,4,1,Male,4,Single,3,2
RM1020,36,36-45,No,Travel_Rarely,16,4,3,Female,1,Married,1,2
RM1103,36,36-45,No,Travel_Rarely,2,4,3,Male,4,Single,4,2
RM1122,36,36-45,No,Travel_Rarely,1,4,2,Female,3,Single,1,3
RM1129,36,36-45,No,Travel_Frequently,6,4,1,Male,1,Married,4,3
RM1146,36,36-45,No,Travel_Rarely,12,4,3,Female,3,Married,2,3
RM1174,36,36-45,No,Travel_Rarely,5,4,2,Female,1,Married,3,3
RM1181,36,36-45,No,Travel_Rarely,7,3,1,Male,2,Single,3,3
RM1183,36,36-45,No,Non-Travel,1,4,4,Female,3,Married,3,3
RM1184,36,36-45,No,Travel_Rarely,3,2,4,Male,1,Divorced,1,3
RM1200,36,36-45,No,Travel_Rarely,26,4,1,Male,3,Married,2,2
RM1221,36,36-45,No,Travel_Rarely,2,4,3,Female,4,Single,3,2
RM1237,36,36-45,Yes,Travel_Rarely,13,5,2,Male,1,Divorced,2,3
RM1279,36,36-45,No,Travel_Rarely,10,3,4,Male,1,Married,4,3
RM1316,36,36-45,No,Travel_Rarely,2,4,4,Female,2,Married,4,3
RM1341,36,36-45,No,Travel_Rarely,10,4,2,Female,3,Married,1,3
RM1348,36,36-45,No,Travel_Frequently,2,1,2,Male,4,Single,4,2
RM1356,36,36-45,No,Travel_Rarely,17,2,3,Male,2,Married,3,1
RM1384,36,36-45,No,Non-Travel,9,4,1,Male,2,Married,2,3
RM1440,36,36-45,No,Travel_Rarely,3,3,1,Female,4,Married,3,3
RM1441,36,36-45,No,Travel_Frequently,4,2,4,Female,2,Divorced,2,3
RM1448,36,36-45,No,Non-Travel,15,4,4,Male,4,Divorced,1,2
RM1454,36,36-45,No,Travel_Rarely,11,4,2,Female,4,Married,1,2
RM1466,36,36-45,No,Travel_Frequently,23,2,3,Male,4,Married,3,3
RM1466,36,36-45,No,Travel_Frequently,23,2,3,Male,4,Married,3,3
RM003,37,36-45,Yes,Travel_Rarely,2,2,4,Male,3,Single,2,3
RM048,37,36-45,No,Travel_Rarely,19,2,2,Male,2,Married,1,3
RM060,37,36-45,No,Travel_Rarely,1,4,1,Male,3,Divorced,3,4
RM079,37,36-45,No,Travel_Rarely,7,4,1,Male,3,Single,1,4
RM101,37,36-45,Yes,Travel_Rarely,6,4,3,Male,1,Divorced,4,3
RM105,37,36-45,No,Non-Travel,2,2,3,Male,4,Divorced,4,4
RM116,37,36-45,No,Travel_Rarely,3,3,3,Male,4,Single,1,3
RM196,37,36-45,No,Travel_Rarely,21,3,2,Male,1,Married,1,2
RM223,37,36-45,No,Travel_Frequently,11,3,2,Male,4,Divorced,3,3
RM227,37,36-45,No,Travel_Frequently,4,4,1,Male,4,Divorced,3,3
RM249,37,36-45,No,Travel_Rarely,1,2,3,Female,1,Married,1,2
RM251,37,36-45,Yes,Travel_Frequently,10,3,1,Male,3,Divorced,2,3
RM274,37,36-45,No,Travel_Rarely,6,4,3,Male,4,Married,2,4
RM276,37,36-45,No,Non-Travel,1,4,1,Female,4,Divorced,1,3
RM286,37,36-45,No,Travel_Rarely,1,3,4,Female,4,Single,2,3
RM295,37,36-45,No,Travel_Frequently,9,3,2,Male,4,Married,3,2
RM341,37,36-45,No,Travel_Rarely,5,2,4,Male,4,Divorced,3,2
RM354,37,36-45,No,Travel_Rarely,6,3,3,Male,1,Divorced,1,3
RM365,37,36-45,No,Travel_Rarely,10,3,3,Female,1,Married,2,3
RM387,37,36-45,No,Travel_Rarely,14,3,4,Female,1,Divorced,3,2
RM390,37,36-45,No,Travel_Rarely,10,4,3,Male,2,Single,4,2
RM399,37,36-45,No,Non-Travel,25,5,2,Female,3,Married,1,3
RM465,37,36-45,No,Travel_Rarely,1,3,2,Female,4,Single,4,4
RM468,37,36-45,No,Non-Travel,9,4,1,Male,2,Divorced,4,3
RM473,37,36-45,No,Travel_Rarely,1,4,2,Female,2,Married,2,2
RM487,37,36-45,No,Travel_Rarely,2,3,4,Male,3,Married,3,2
RM507,37,36-45,No,Travel_Rarely,3,3,3,Male,3,Married,3,3
RM523,37,36-45,No,Travel_Rarely,10,2,4,Male,4,Single,1,3
RM578,37,36-45,No,Travel_Rarely,10,1,4,Female,1,Divorced,2,2
RM629,37,36-45,No,Travel_Rarely,16,4,4,Male,3,Divorced,4,3
RM649,37,36-45,No,Travel_Frequently,21,2,3,Female,4,Married,2,3
RM653,37,36-45,No,Non-Travel,19,2,1,Male,2,Single,4,3
RM696,37,36-45,Yes,Travel_Rarely,1,4,1,Male,3,Married,3,1
RM745,37,36-45,Yes,Travel_Rarely,11,2,1,Female,2,Married,1,1
RM768,37,36-45,No,Travel_Rarely,3,3,4,Female,2,Single,1,2
RM796,37,36-45,No,Travel_Rarely,10,4,4,Female,4,Divorced,3,3
RM833,37,36-45,No,Travel_Rarely,25,2,3,Female,4,Divorced,3,3
RM856,37,36-45,No,Travel_Rarely,1,3,4,Female,4,Married,2,2
RM990,37,36-45,No,Travel_Rarely,4,1,3,Male,3,Married,4,3
RM1002,37,36-45,No,Travel_Rarely,11,3,1,Female,3,Single,1,3
RM1023,37,36-45,No,Non-Travel,5,2,3,Male,3,Single,1,1
RM1090,37,36-45,No,Travel_Rarely,13,3,1,Male,4,Married,1,3
RM1159,37,36-45,No,Travel_Rarely,19,3,3,Male,3,Married,1,2
RM1164,37,36-45,No,Travel_Rarely,10,3,2,Female,2,Married,1,1
RM1212,37,36-45,No,Travel_Frequently,1,4,3,Male,4,Divorced,3,2
RM1277,37,36-45,No,Travel_Rarely,9,2,2,Male,2,Married,1,3
RM1281,37,36-45,No,Travel_Rarely,8,2,3,Male,2,Divorced,3,2
RM1292,37,36-45,Yes,Travel_Rarely,10,4,4,Male,1,Single,2,1
RM1345,37,36-45,No,Travel_Rarely,7,4,4,Male,1,Married,3,3
RM1433,37,36-45,No,Travel_Rarely,10,3,3,Female,4,Married,1,3
RM009,38,36-45,No,Travel_Frequently,23,3,4,Male,3,Single,2,3
RM020,38,36-45,No,Travel_Rarely,2,3,4,Male,4,Single,3,3
RM062,38,36-45,No,Travel_Frequently,29,5,4,Female,4,Single,4,3
RM084,38,36-45,No,Non-Travel,6,3,2,Female,4,Divorced,4,3
RM143,38,36-45,No,Travel_Rarely,3,5,4,Female,3,Single,2,3
RM169,38,36-45,No,Travel_Rarely,1,4,1,Female,4,Single,3,4
RM180,38,36-45,No,Travel_Rarely,9,2,3,Female,4,Single,3,3
RM199,38,36-45,No,Travel_Rarely,2,4,4,Male,3,Married,2,3
RM200,38,36-45,No,Travel_Rarely,29,3,4,Male,4,Married,1,1
RM205,38,36-45,Yes,Travel_Rarely,29,1,2,Male,1,Married,2,3
RM224,38,36-45,No,Travel_Rarely,3,3,1,Male,3,Divorced,3,2
RM262,38,36-45,No,Non-Travel,2,2,4,Male,4,Married,4,3
RM278,38,36-45,No,Travel_Rarely,7,2,1,Female,1,Divorced,3,3
RM288,38,36-45,No,Travel_Rarely,23,4,4,Male,4,Divorced,2,3
RM308,38,36-45,No,Travel_Rarely,25,2,1,Female,2,Married,3,3
RM342,38,36-45,No,Travel_Rarely,15,2,3,Male,4,Divorced,2,3
RM417,38,36-45,No,Travel_Frequently,2,2,4,Male,4,Married,3,3
RM472,38,36-45,No,Travel_Rarely,10,3,3,Female,3,Married,3,3
RM491,38,36-45,No,Travel_Rarely,1,1,3,Female,1,Single,4,2
RM519,38,36-45,No,Travel_Rarely,7,4,4,Female,4,Single,1,3
RM530,38,36-45,No,Travel_Rarely,1,4,2,Female,4,Single,3,2
RM543,38,36-45,No,Travel_Rarely,1,3,3,Female,3,Single,4,4
RM560,38,36-45,No,Travel_Rarely,2,5,4,Male,3,Married,2,1
RM579,38,36-45,No,Travel_Frequently,2,4,1,Female,1,Single,4,3
RM606,38,36-45,No,Travel_Frequently,12,3,1,Male,1,Divorced,3,2
RM643,38,36-45,No,Travel_Rarely,9,3,2,Male,2,Married,4,3
RM682,38,36-45,No,Travel_Rarely,1,3,4,Female,1,Married,2,3
RM704,38,36-45,No,Non-Travel,10,3,3,Female,4,Single,2,3
RM723,38,36-45,No,Travel_Frequently,10,1,3,Male,3,Married,2,2
RM748,38,36-45,No,Travel_Rarely,3,4,2,Male,4,Single,3,3
RM766,38,36-45,No,Travel_Frequently,3,4,3,Male,3,Married,1,3
RM785,38,36-45,No,Travel_Rarely,17,1,3,Female,3,Married,1,2
RM808,38,36-45,No,Travel_Rarely,10,4,3,Male,3,Divorced,2,3
RM812,38,36-45,No,Travel_Rarely,2,2,4,Male,2,Single,3,3
RM827,38,36-45,No,Travel_Rarely,1,3,3,Male,3,Married,4,4
RM964,38,36-45,No,Travel_Rarely,2,2,2,Female,1,Divorced,4,3
RM983,38,36-45,No,Travel_Frequently,7,3,4,Male,3,Divorced,4,3
RM1108,38,36-45,No,Travel_Frequently,10,4,3,Male,3,Married,3,3
RM1113,38,36-45,Yes,Travel_Rarely,2,3,3,Male,2,Married,1,3
RM1120,38,36-45,No,Travel_Rarely,14,3,3,Male,2,Married,4,3
RM1121,38,36-45,No,Travel_Rarely,16,3,2,Female,2,Single,2,4
RM1162,38,36-45,No,Travel_Rarely,2,2,4,Female,3,Married,4,4
RM1188,38,36-45,No,Travel_Frequently,1,3,4,Male,4,Married,4,4
RM1194,38,36-45,No,Travel_Frequently,2,3,4,Female,2,Single,2,3
RM1203,38,36-45,No,Travel_Rarely,4,2,4,Female,3,Married,4,2
RM1257,38,36-45,No,Travel_Frequently,2,2,3,Female,2,Married,2,2
RM1262,38,36-45,No,Travel_Rarely,18,3,2,Male,4,Married,3,3
RM1273,38,36-45,No,Travel_Rarely,6,2,4,Female,3,Married,2,3
RM1290,38,36-45,No,Non-Travel,2,3,1,Male,2,Divorced,4,3
RM1309,38,36-45,No,Travel_Rarely,2,4,2,Female,4,Married,1,2
RM1374,38,36-45,No,Travel_Frequently,8,3,4,Female,2,Divorced,3,3
RM1377,38,36-45,No,Travel_Rarely,9,2,2,Male,4,Divorced,4,4
RM1392,38,36-45,No,Travel_Rarely,1,3,1,Male,1,Single,1,2
RM1401,38,36-45,No,Travel_Frequently,1,4,4,Male,2,Married,2,3
RM1417,38,36-45,No,Travel_Rarely,1,4,4,Male,2,Married,1,3
RM1419,38,36-45,No,Travel_Frequently,6,4,1,Male,3,Married,4,3
RM1431,38,36-45,No,Travel_Rarely,10,3,2,Female,3,Married,1,3
RM1452,38,36-45,No,TravelRarely,10,2,1,Female,4,Married,3,3
RM034,39,36-45,Yes,Travel_Rarely,5,3,4,Male,4,Married,3,4
RM138,39,36-45,No,Travel_Rarely,4,4,4,Female,3,Married,3,4
RM241,39,36-45,No,Travel_Rarely,1,4,3,Female,3,Divorced,3,3
RM252,39,36-45,No,Travel_Frequently,2,4,3,Female,3,Single,4,3
RM305,39,36-45,No,Travel_Rarely,1,3,3,Male,4,Divorced,1,2
RM315,39,36-45,No,Travel_Rarely,10,1,3,Male,1,Married,4,3
RM327,39,36-45,No,Travel_Frequently,7,2,3,Male,4,Married,1,3
RM328,39,36-45,Yes,Travel_Rarely,3,2,4,Female,3,Married,1,2
RM401,39,36-45,No,Travel_Frequently,1,1,2,Male,3,Divorced,3,3
RM450,39,36-45,No,Travel_Frequently,8,1,3,Female,3,Married,1,3
RM527,39,36-45,No,Travel_Rarely,2,4,4,Female,3,Single,1,3
RM552,39,36-45,No,Travel_Rarely,3,3,3,Female,2,Married,3,1
RM655,39,36-45,No,Travel_Rarely,2,3,4,Female,4,Married,3,3
RM670,39,36-45,Yes,Travel_Rarely,6,3,4,Male,1,Married,4,1
RM706,39,36-45,No,Travel_Rarely,2,5,1,Male,3,Single,4,3
RM739,39,36-45,No,Travel_Rarely,1,1,4,Female,4,Married,3,3
RM754,39,36-45,No,Travel_Frequently,22,3,4,Female,1,Single,3,3
RM814,39,36-45,Yes,Travel_Frequently,2,3,1,Male,4,Divorced,4,3
RM817,39,36-45,No,Non-Travel,9,3,3,Male,2,Single,3,2
RM938,39,36-45,No,Travel_Rarely,13,4,3,Female,2,Divorced,4,3
RM941,39,36-45,Yes,Travel_Rarely,23,3,3,Male,1,Single,1,3
RM950,39,36-45,No,Travel_Rarely,18,2,1,Male,3,Single,1,3
RM987,39,36-45,No,Travel_Rarely,21,4,1,Male,4,Married,4,4
RM993,39,36-45,No,Non-Travel,25,2,3,Male,3,Married,2,3
RM1033,39,36-45,Yes,Non-Travel,2,3,1,Female,1,Single,2,4
RM1080,39,36-45,No,Travel_Rarely,6,3,2,Female,2,Single,4,3
RM1125,39,36-45,No,Travel_Rarely,6,3,4,Male,3,Married,1,3
RM1149,39,36-45,No,Travel_Rarely,10,5,2,Male,1,Married,4,3
RM1156,39,36-45,No,Travel_Rarely,3,2,3,Male,3,Divorced,4,3
RM1160,39,36-45,No,Travel_Frequently,4,3,1,Female,3,Single,4,1
RM1176,39,36-45,No,Travel_Rarely,12,3,4,Male,2,Married,3,3
RM1241,39,36-45,No,Non-Travel,1,3,4,Male,4,Married,4,3
RM1285,39,36-45,No,Travel_Rarely,10,1,3,Male,3,Single,3,3
RM1293,39,36-45,No,Travel_Frequently,20,3,3,Male,4,Divorced,4,3
RM1336,39,36-45,No,Travel_Rarely,19,4,4,Male,4,Divorced,2,3
RM1367,39,36-45,No,Non-Travel,21,4,1,Female,3,Married,3,3
RM1373,39,36-45,No,Travel_Rarely,9,2,1,Male,1,Married,4,3
RM1404,39,36-45,No,Travel_Rarely,15,4,2,Male,1,Single,1,3
RM1430,39,36-45,No,Travel_Rarely,24,1,1,Male,4,Single,1,3
RM1438,39,36-45,No,Non-Travel,9,3,4,Male,4,Single,3,2
RM1463,39,36-45,No,Travel_Rarely,24,1,2,Female,4,Married,1,2
RM1467,39,36-45,No,Travel_Rarely,6,1,4,Male,1,Married,1,3
RM1463,39,36-45,No,Travel_Rarely,24,1,2,Female,4,Married,1,2
RM1467,39,36-45,No,Travel_Rarely,6,1,4,Male,1,Married,1,3
RM091,40,36-45,No,Travel_Frequently,1,4,3,Male,2,Married,4,2
RM151,40,36-45,No,Travel_Frequently,26,3,2,Female,2,Divorced,1,3
RM159,40,36-45,No,Travel_Rarely,4,4,3,Male,4,Married,1,2
RM187,40,36-45,No,Travel_Rarely,4,1,4,Female,3,Married,2,3
RM204,40,36-45,No,Travel_Rarely,19,2,3,Male,4,Married,3,4
RM209,40,36-45,No,Non-Travel,9,5,4,Male,4,Married,4,1
RM244,40,36-45,No,Travel_Rarely,24,2,1,Male,4,Divorced,1,3
RM258,40,36-45,No,Travel_Rarely,2,2,1,Male,3,Divorced,4,3
RM336,40,36-45,No,Travel_Rarely,1,2,2,Male,4,Married,3,2
RM362,40,36-45,No,Travel_Rarely,10,4,4,Female,3,Married,3,3
RM369,40,36-45,Yes,Travel_Rarely,22,2,3,Male,3,Married,1,3
RM388,40,36-45,No,Travel_Rarely,2,2,4,Female,2,Divorced,3,3
RM392,40,36-45,No,Travel_Rarely,2,3,2,Female,3,Married,2,3
RM418,40,36-45,No,Travel_Rarely,2,4,3,Female,3,Married,4,3
RM449,40,36-45,No,Travel_Rarely,6,3,2,Female,3,Single,3,3
RM459,40,36-45,No,Non-Travel,28,3,3,Male,1,Divorced,3,3
RM534,40,36-45,No,Travel_Frequently,5,4,4,Male,1,Married,3,3
RM554,40,36-45,No,Travel_Rarely,2,1,4,Female,4,Single,4,2
RM583,40,36-45,No,Travel_Frequently,2,2,3,Female,2,Married,4,3
RM602,40,36-45,No,Travel_Frequently,16,4,1,Male,3,Single,4,3
RM685,40,36-45,No,Travel_Rarely,10,4,1,Male,2,Divorced,2,2
RM692,40,36-45,No,Travel_Frequently,9,4,4,Male,2,Divorced,4,3
RM707,40,36-45,Yes,Non-Travel,24,3,2,Female,2,Single,4,2
RM769,40,36-45,No,Travel_Rarely,26,3,3,Male,1,Married,2,2
RM786,40,36-45,No,Travel_Rarely,20,4,1,Male,4,Married,4,3
RM815,40,36-45,No,Travel_Rarely,14,3,3,Male,3,Single,1,4
RM838,40,36-45,No,Travel_Frequently,9,4,2,Female,3,Single,3,2
RM846,40,36-45,No,Travel_Frequently,26,2,3,Female,4,Married,4,1
RM867,40,36-45,No,Travel_Frequently,2,4,2,Male,2,Married,4,3
RM885,40,36-45,No,Travel_Rarely,10,3,2,Female,2,Divorced,2,4
RM947,40,36-45,Yes,Travel_Rarely,25,4,4,Male,2,Single,3,3
RM958,40,36-45,No,Non-Travel,16,2,3,Male,3,Divorced,2,3
RM960,40,36-45,No,Travel_Rarely,2,3,3,Male,4,Single,3,3
RM968,40,36-45,No,Travel_Rarely,1,4,2,Male,2,Married,3,3
RM979,40,36-45,No,Travel_Rarely,2,1,2,Female,3,Divorced,2,3
RM1030,40,36-45,No,Non-Travel,9,4,3,Male,3,Divorced,3,4
RM1041,40,36-45,No,Non-Travel,8,1,4,Male,2,Divorced,3,3
RM1046,40,36-45,No,Travel_Rarely,2,3,3,Male,3,Divorced,3,4
RM1084,40,36-45,Yes,Travel_Rarely,9,4,4,Male,1,Single,2,1
RM1095,40,36-45,No,Travel_Rarely,9,2,1,Male,1,Married,4,4
RM1097,40,36-45,No,Travel_Rarely,6,2,3,Male,4,Single,4,3
RM1099,40,36-45,No,Non-Travel,8,2,4,Male,4,Divorced,3,3
RM1133,40,36-45,No,Travel_Rarely,14,2,4,Female,1,Married,3,3
RM1157,40,36-45,No,Travel_Rarely,15,3,1,Female,3,Married,4,3
RM1165,40,36-45,No,Travel_Rarely,16,3,3,Female,4,Single,4,2
RM1172,40,36-45,Yes,Travel_Rarely,7,3,1,Male,1,Single,2,1
RM1230,40,36-45,No,Travel_Rarely,8,2,2,Female,1,Married,2,3
RM1243,40,36-45,No,Travel_Rarely,7,4,2,Male,2,Single,2,2
RM1287,40,36-45,No,Travel_Rarely,2,2,3,Female,1,Married,4,2
RM1300,40,36-45,No,Travel_Rarely,1,3,3,Female,4,Divorced,4,3
RM1305,40,36-45,No,Travel_Rarely,12,3,2,Female,1,Divorced,2,3
RM1349,40,36-45,No,Travel_Rarely,1,4,1,Male,1,Divorced,1,3
RM1410,40,36-45,No,Travel_Frequently,11,3,4,Female,3,Married,1,4
RM1411,40,36-45,No,Travel_Rarely,2,2,2,Female,2,Married,3,3
RM1428,40,36-45,No,Travel_Rarely,1,4,1,Male,4,Married,3,2
RM1456,40,36-45,No,Travel_Rarely,2,4,3,Male,3,Single,4,3
RM1458,40,36-45,No,Travel_Rarely,2,4,3,Female,3,Married,2,3
RM001,41,36-45,Yes,Travel_Rarely,1,2,2,Female,4,Single,1,1
RM046,41,36-45,Yes,Travel_Rarely,12,3,2,Female,3,Married,4,3
RM134,41,36-45,No,Travel_Rarely,9,1,3,Male,3,Divorced,3,3
RM148,41,36-45,No,Travel_Frequently,10,3,4,Male,1,Divorced,2,2
RM149,41,36-45,No,Travel_Rarely,9,4,3,Male,1,Married,4,3
RM167,41,36-45,No,Travel_Rarely,14,3,1,Male,3,Divorced,1,3
RM183,41,36-45,Yes,Travel_Rarely,20,2,2,Female,2,Single,4,2
RM216,41,36-45,No,Travel_Rarely,6,3,4,Female,4,Single,3,3
RM243,41,36-45,No,Travel_Rarely,19,2,3,Male,1,Divorced,1,2
RM301,41,36-45,No,Travel_Rarely,2,4,4,Male,2,Single,2,3
RM347,41,36-45,No,Travel_Rarely,6,3,4,Male,2,Single,4,3
RM367,41,36-45,Yes,Travel_Frequently,4,3,1,Male,2,Single,3,3
RM404,41,36-45,No,Travel_Rarely,1,3,2,Male,1,Married,3,3
RM447,41,36-45,No,Non-Travel,10,2,4,Male,4,Single,4,3
RM460,41,36-45,No,Non-Travel,2,4,1,Female,3,Single,1,3
RM467,41,36-45,No,Travel_Rarely,2,5,2,Female,1,Married,2,3
RM536,41,36-45,No,Travel_Rarely,10,4,2,Male,4,Divorced,2,2
RM539,41,36-45,No,Travel_Rarely,1,3,4,Male,3,Married,2,3
RM668,41,36-45,Yes,Travel_Rarely,2,4,2,Female,4,Divorced,3,2
RM687,41,36-45,No,Travel_Rarely,6,3,4,Male,1,Single,3,3
RM717,41,36-45,No,Travel_Frequently,9,3,1,Male,3,Divorced,2,4
RM738,41,36-45,No,Travel_Rarely,7,2,4,Female,3,Single,2,3
RM747,41,36-45,No,Non-Travel,7,1,2,Female,3,Divorced,2,3
RM784,41,36-45,No,Travel_Rarely,7,2,2,Female,3,Married,3,3
RM831,41,36-45,No,Travel_Rarely,12,4,2,Male,4,Married,1,3
RM865,41,36-45,Yes,Non-Travel,5,2,1,Male,1,Divorced,1,1
RM952,41,36-45,No,Non-Travel,10,2,3,Male,2,Single,1,3
RM961,41,36-45,No,Travel_Frequently,1,3,3,Female,1,Divorced,4,3
RM989,41,36-45,No,Travel_Frequently,22,3,4,Female,4,Divorced,1,2
RM1029,41,36-45,No,Travel_Rarely,5,5,2,Male,3,Married,1,2
RM1197,41,36-45,No,Travel_Rarely,23,2,4,Male,3,Single,4,3
RM1219,41,36-45,No,Travel_Rarely,6,3,4,Male,3,Single,2,3
RM1229,41,36-45,No,Non-Travel,4,3,3,Male,2,Married,2,3
RM1267,41,36-45,No,Travel_Rarely,9,4,3,Male,1,Divorced,2,3
RM1295,41,36-45,No,Travel_Rarely,5,3,2,Male,2,Single,1,1
RM1296,41,36-45,No,Travel_Rarely,4,1,3,Female,3,Divorced,4,4
RM1357,41,36-45,No,Travel_Rarely,8,3,3,Female,2,Married,3,3
RM1421,41,36-45,No,Travel_Rarely,1,3,4,Male,4,Married,1,3
RM1446,41,36-45,No,Travel_Rarely,28,4,1,Female,2,Married,3,3
RM1449,41,36-45,No,Travel_Rarely,3,3,3,Male,2,Divorced,3,3
RM028,42,36-45,No,Travel_Rarely,8,4,3,Male,2,Married,4,3
RM198,42,36-45,No,Non-Travel,21,2,3,Female,3,Divorced,2,3
RM232,42,36-45,No,Travel_Rarely,4,2,3,Male,4,Married,4,3
RM254,42,36-45,No,Travel_Rarely,17,2,4,Female,1,Single,3,3
RM257,42,36-45,No,Travel_Rarely,2,3,4,Female,1,Divorced,3,3
RM282,42,36-45,No,Travel_Rarely,1,1,2,Male,3,Married,3,3
RM296,42,36-45,No,Travel_Frequently,26,3,3,Female,2,Married,4,4
RM349,42,36-45,No,Travel_Rarely,23,5,1,Female,4,Single,2,3
RM351,42,36-45,No,Travel_Rarely,2,1,3,Male,3,Divorced,3,3
RM357,42,36-45,No,Travel_Rarely,2,4,1,Male,4,Single,2,3
RM389,42,36-45,No,Travel_Rarely,1,4,2,Female,1,Divorced,2,3
RM410,42,36-45,No,Travel_Frequently,29,2,1,Female,3,Divorced,2,3
RM414,42,36-45,No,Travel_Frequently,28,4,4,Female,4,Married,4,4
RM442,42,36-45,No,Travel_Frequently,5,2,2,Male,3,Married,4,3
RM452,42,36-45,No,Travel_Rarely,24,3,4,Male,1,Married,4,2
RM489,42,36-45,No,Travel_Rarely,2,4,3,Female,4,Married,2,3
RM548,42,36-45,Yes,Travel_Frequently,19,3,3,Male,3,Divorced,4,3
RM585,42,36-45,No,Travel_Frequently,8,3,2,Male,4,Divorced,2,2
RM598,42,36-45,No,Travel_Rarely,1,2,4,Female,4,Married,4,3
RM605,42,36-45,No,Travel_Rarely,29,3,2,Male,2,Married,4,2
RM633,42,36-45,No,Travel_Frequently,2,1,2,Male,4,Single,4,3
RM644,42,36-45,No,Travel_Rarely,3,3,3,Female,4,Married,2,2
RM673,42,36-45,No,Travel_Rarely,14,2,3,Female,3,Single,1,3
RM742,42,36-45,No,Travel_Rarely,5,2,4,Male,3,Married,2,4
RM800,42,36-45,No,Travel_Rarely,2,2,4,Male,1,Married,4,3
RM825,42,36-45,No,Travel_Rarely,29,3,2,Male,4,Single,1,3
RM839,42,36-45,Yes,Travel_Frequently,12,3,3,Male,1,Single,2,2
RM840,42,36-45,No,Travel_Rarely,4,4,2,Male,1,Single,4,4
RM879,42,36-45,No,Non-Travel,2,5,4,Male,1,Married,1,4
RM888,42,36-45,No,Travel_Frequently,26,5,1,Female,1,Married,3,3
RM926,42,36-45,No,Travel_Rarely,7,4,2,Female,2,Married,4,3
RM955,42,36-45,No,Non-Travel,2,1,3,Male,3,Married,4,2
RM1000,42,36-45,No,Travel_Rarely,10,3,3,Female,1,Married,3,3
RM1051,42,36-45,No,Travel_Frequently,9,2,1,Female,4,Single,3,3
RM1089,42,36-45,No,Travel_Rarely,2,3,3,Male,2,Married,2,3
RM1094,42,36-45,No,Travel_Frequently,2,3,4,Male,4,Married,3,1
RM1130,42,36-45,No,Travel_Rarely,9,2,4,Male,4,Single,4,3
RM1264,42,36-45,No,Travel_Rarely,12,3,2,Male,2,Divorced,2,2
RM1288,42,36-45,No,Travel_Rarely,13,3,2,Male,1,Married,3,2
RM1321,42,36-45,No,Non-Travel,10,4,3,Male,3,Married,2,2
RM1326,42,36-45,No,Travel_Rarely,8,3,4,Male,3,Single,4,3
RM1358,42,36-45,No,Travel_Rarely,6,3,3,Male,1,Married,2,4
RM1379,42,36-45,No,Travel_Rarely,12,4,2,Male,4,Divorced,3,3
RM1405,42,36-45,No,Non-Travel,23,2,4,Male,3,Single,4,3
RM1420,42,36-45,No,Travel_Rarely,18,4,4,Male,1,Divorced,3,2
RM1444,42,36-45,No,Travel_Rarely,2,3,1,Male,3,Married,1,2
RM036,43,36-45,No,Travel_Rarely,2,2,4,Female,3,Divorced,4,2
RM120,43,36-45,No,Travel_Frequently,26,2,3,Male,4,Married,4,4
RM131,43,36-45,No,Travel_Frequently,28,3,2,Female,3,Single,4,3
RM194,43,36-45,No,Non-Travel,7,3,4,Male,4,Divorced,4,4
RM236,43,36-45,No,Travel_Rarely,16,3,4,Female,4,Married,3,3
RM316,43,36-45,No,Travel_Frequently,10,4,3,Female,4,Single,1,3
RM331,43,36-45,No,Travel_Frequently,10,4,3,Female,3,Divorced,2,4
RM334,43,36-45,No,Travel_Rarely,7,3,3,Female,1,Married,1,2
RM391,43,36-45,No,Travel_Rarely,12,3,1,Male,2,Divorced,3,3
RM396,43,36-45,No,Travel_Frequently,21,3,4,Male,4,Married,1,3
RM397,43,36-45,No,Travel_Rarely,8,4,3,Female,3,Divorced,4,3
RM490,43,36-45,No,Travel_Rarely,6,4,2,Male,4,Divorced,3,2
RM492,43,36-45,No,Travel_Frequently,9,5,4,Male,3,Divorced,2,3
RM549,43,36-45,No,Travel_Frequently,15,3,4,Male,4,Married,3,3
RM610,43,36-45,No,Travel_Rarely,14,2,2,Male,1,Married,3,3
RM651,43,36-45,No,Travel_Frequently,1,3,4,Female,4,Married,2,2
RM662,43,36-45,No,Travel_Rarely,8,3,1,Female,2,Divorced,3,4
RM776,43,36-45,No,Travel_Rarely,25,3,3,Male,4,Divorced,3,3
RM813,43,36-45,No,Travel_Frequently,27,3,3,Female,1,Married,3,3
RM850,43,36-45,Yes,Travel_Rarely,9,3,1,Female,3,Single,2,2
RM899,43,36-45,No,Travel_Rarely,3,3,3,Male,4,Married,2,3
RM927,43,36-45,No,Travel_Rarely,4,4,4,Female,4,Single,4,4
RM996,43,36-45,No,Travel_Rarely,6,3,1,Female,3,Single,1,1
RM1134,43,36-45,No,Travel_Rarely,27,3,4,Male,2,Divorced,3,3
RM1186,43,36-45,No,Travel_Rarely,15,2,3,Male,3,Married,1,3
RM1217,43,36-45,No,Travel_Rarely,2,3,4,Male,4,Married,1,3
RM1263,43,36-45,Yes,Travel_Frequently,17,3,3,Male,3,Married,4,3
RM1270,43,36-45,No,Travel_Rarely,2,3,2,Male,4,Single,2,3
RM1294,43,36-45,No,Non-Travel,9,3,1,Male,3,Single,3,2
RM1317,43,36-45,No,Travel_Frequently,2,4,1,Male,4,Married,3,3
RM1331,43,36-45,No,Travel_Rarely,6,3,1,Female,3,Married,4,3
RM1400,43,36-45,No,Travel_Rarely,11,3,1,Male,3,Married,2,3
RM029,44,36-45,No,Travel_Rarely,7,4,1,Female,4,Married,4,3
RM032,44,36-45,No,Travel_Rarely,10,4,4,Male,4,Married,4,4
RM053,44,36-45,No,Travel_Rarely,1,5,2,Female,1,Divorced,3,2
RM100,44,36-45,No,Non-Travel,23,3,2,Male,2,Married,3,4
RM287,44,36-45,Yes,Travel_Frequently,24,3,4,Male,3,Divorced,4,1
RM494,44,36-45,No,Travel_Rarely,1,4,1,Female,3,Single,2,4
RM498,44,36-45,No,Travel_Rarely,3,4,4,Male,4,Married,1,4
RM544,44,36-45,No,Non-Travel,24,3,1,Male,3,Single,3,3
RM618,44,36-45,No,Travel_Rarely,4,3,4,Male,2,Single,4,2
RM632,44,36-45,No,Travel_Rarely,8,4,1,Male,4,Married,3,2
RM659,44,36-45,No,Travel_Rarely,9,2,2,Male,1,Married,4,3
RM751,44,36-45,No,Travel_Rarely,28,3,4,Female,4,Married,3,3
RM790,44,36-45,Yes,Travel_Rarely,1,2,2,Male,1,Married,4,3
RM858,44,36-45,Yes,Travel_Rarely,10,4,3,Male,3,Single,3,3
RM863,44,36-45,No,Non-Travel,17,3,4,Male,3,Single,4,3
RM876,44,36-45,No,Travel_Rarely,29,4,4,Male,4,Single,2,3
RM892,44,36-45,No,Travel_Rarely,2,1,1,Female,4,Married,4,3
RM908,44,36-45,No,Travel_Rarely,5,3,2,Male,2,Married,3,3
RM923,44,36-45,No,Travel_Rarely,4,2,3,Male,1,Divorced,4,2
RM929,44,36-45,Yes,Travel_Rarely,15,3,1,Female,4,Married,4,3
RM954,44,36-45,Yes,Travel_Rarely,3,3,1,Male,1,Married,3,4
RM1043,44,36-45,No,Non-Travel,5,3,3,Male,3,Single,4,3
RM1047,44,36-45,No,Travel_Rarely,20,3,4,Male,2,Single,3,2
RM1052,44,36-45,No,Travel_Frequently,1,5,1,Female,3,Married,3,2
RM1063,44,36-45,No,Travel_Frequently,2,1,2,Male,3,Single,2,2
RM1079,44,36-45,No,Travel_Rarely,28,3,4,Male,1,Married,3,4
RM1141,44,36-45,No,Travel_Rarely,7,3,2,Female,4,Divorced,4,2
RM1166,44,36-45,No,Travel_Frequently,1,5,1,Male,4,Married,3,3
RM1201,44,36-45,No,Travel_Rarely,1,3,3,Female,4,Divorced,1,3
RM1215,44,36-45,No,Travel_Rarely,2,3,3,Female,4,Married,2,3
RM1280,44,36-45,Yes,Travel_Frequently,1,2,3,Male,2,Divorced,3,2
RM1353,44,36-45,No,Travel_Rarely,1,4,2,Male,1,Married,4,3
RM1436,44,36-45,No,Travel_Rarely,1,3,2,Male,4,Single,3,3
RM068,45,36-45,No,Travel_Rarely,7,3,2,Male,1,Divorced,3,3
RM078,45,36-45,No,Travel_Rarely,6,4,4,Male,1,Married,2,4
RM142,45,36-45,No,Travel_Rarely,29,3,3,Male,4,Single,2,2
RM154,45,36-45,No,Travel_Rarely,9,3,2,Male,2,Divorced,3,1
RM175,45,36-45,No,Travel_Rarely,4,2,3,Female,1,Divorced,1,4
RM195,45,36-45,No,Non-Travel,2,2,1,Male,4,Married,4,3
RM219,45,36-45,No,Non-Travel,6,3,4,Female,4,Single,4,3
RM245,45,36-45,No,Travel_Rarely,1,3,3,Male,4,Married,3,3
RM250,45,36-45,No,Travel_Frequently,7,4,1,Male,3,Married,4,3
RM269,45,36-45,No,Travel_Rarely,20,2,3,Male,4,Married,2,3
RM312,45,36-45,No,Travel_Frequently,7,3,1,Male,1,Divorced,1,3
RM335,45,36-45,No,Travel_Rarely,8,4,4,Male,4,Married,1,3
RM408,45,36-45,No,Travel_Rarely,10,2,1,Male,4,Married,4,2
RM453,45,36-45,No,Travel_Rarely,2,3,4,Male,2,Married,2,4
RM505,45,36-45,Yes,Travel_Frequently,26,4,1,Female,1,Married,4,3
RM565,45,36-45,No,Travel_Rarely,2,2,2,Male,3,Single,1,3
RM604,45,36-45,No,Travel_Rarely,2,3,2,Female,3,Single,4,3
RM626,45,36-45,No,Travel_Rarely,9,3,4,Male,1,Divorced,3,3
RM697,45,36-45,No,Non-Travel,4,2,3,Male,2,Married,2,2
RM714,45,36-45,No,Travel_Rarely,1,4,4,Female,4,Divorced,4,3
RM719,45,36-45,No,Non-Travel,23,2,4,Male,1,Married,3,3
RM756,45,36-45,No,Travel_Rarely,11,2,4,Female,4,Married,2,4
RM760,45,36-45,No,Travel_Rarely,24,4,2,Male,2,Single,1,3
RM806,45,36-45,No,Non-Travel,9,4,2,Female,3,Married,4,3
RM855,45,36-45,No,Travel_Rarely,7,3,1,Female,3,Married,3,2
RM914,45,36-45,Yes,Travel_Rarely,2,3,1,Female,2,Single,1,3
RM937,45,36-45,No,Travel_Frequently,25,3,2,Female,2,Single,3,3
RM1035,45,36-45,No,Travel_Rarely,20,3,2,Male,1,Divorced,2,3
RM1038,45,36-45,No,Travel_Rarely,29,3,2,Male,4,Married,4,4
RM1093,45,36-45,No,Travel_Rarely,28,3,4,Male,4,Married,4,3
RM1100,45,36-45,No,Travel_Rarely,1,4,1,Male,2,Divorced,1,3
RM1143,45,36-45,No,Travel_Rarely,5,5,3,Female,1,Single,1,3
RM1144,45,36-45,No,Non-Travel,26,3,1,Male,1,Married,1,3
RM1161,45,36-45,No,Travel_Rarely,2,2,4,Female,4,Divorced,1,3
RM1222,45,36-45,No,Non-Travel,1,1,3,Male,3,Married,4,2
RM1226,45,36-45,No,Travel_Rarely,28,2,4,Female,2,Single,3,3
RM1244,45,36-45,No,Travel_Rarely,4,3,3,Female,3,Married,3,4
RM1315,45,36-45,No,Non-Travel,2,4,3,Female,3,Married,2,4
RM1347,45,36-45,No,Travel_Rarely,25,2,2,Female,4,Married,4,2
RM1363,45,36-45,No,Travel_Frequently,1,4,2,Male,3,Single,3,3
RM1455,45,36-45,No,Travel_Rarely,20,3,4,Female,3,Single,3,3
RM030,46,46-55,No,Travel_Rarely,2,4,2,Female,1,Single,4,2
RM049,46,46-55,No,Travel_Frequently,5,4,1,Male,4,Single,3,3
RM080,46,46-55,No,Travel_Rarely,5,2,2,Male,2,Divorced,4,3
RM090,46,46-55,Yes,Travel_Rarely,9,2,3,Male,4,Single,4,3
RM094,46,46-55,No,Travel_Frequently,1,3,3,Male,1,Married,3,2
RM179,46,46-55,No,Travel_Rarely,1,2,2,Female,1,Divorced,3,3
RM210,46,46-55,No,Travel_Rarely,1,4,4,Male,1,Divorced,3,3
RM264,46,46-55,No,Travel_Rarely,2,3,3,Female,2,Married,2,2
RM366,46,46-55,No,Non-Travel,7,4,3,Female,3,Married,3,4
RM413,46,46-55,No,Travel_Rarely,18,3,3,Female,3,Divorced,3,2
RM430,46,46-55,No,Travel_Rarely,2,3,1,Male,3,Married,3,1
RM434,46,46-55,No,Travel_Rarely,10,3,3,Female,4,Married,3,3
RM466,46,46-55,No,Travel_Frequently,18,1,1,Female,3,Married,4,2
RM724,46,46-55,No,Travel_Rarely,7,2,4,Male,3,Divorced,2,3
RM771,46,46-55,No,Travel_Rarely,1,4,4,Male,4,Divorced,4,3
RM779,46,46-55,No,Travel_Rarely,8,4,4,Female,1,Divorced,1,3
RM811,46,46-55,No,Travel_Rarely,3,1,1,Male,3,Married,4,3
RM862,46,46-55,No,Travel_Rarely,2,3,3,Female,1,Married,1,3
RM870,46,46-55,No,Travel_Rarely,15,2,4,Male,2,Married,1,3
RM878,46,46-55,No,Travel_Rarely,2,4,4,Male,4,Divorced,3,2
RM917,46,46-55,No,Travel_Rarely,4,2,4,Female,2,Married,3,3
RM944,46,46-55,No,Travel_Rarely,1,2,4,Female,1,Single,3,4
RM1032,46,46-55,Yes,Travel_Rarely,9,3,1,Male,4,Divorced,1,4
RM1081,46,46-55,No,Travel_Rarely,3,3,3,Female,2,Married,4,4
RM1136,46,46-55,No,Travel_Rarely,1,4,4,Male,1,Single,2,1
RM1232,46,46-55,No,Travel_Rarely,13,4,3,Male,2,Single,4,3
RM1236,46,46-55,No,Travel_Rarely,2,3,3,Male,4,Divorced,2,2
RM1278,46,46-55,No,Travel_Rarely,2,4,3,Male,4,Divorced,3,3
RM1286,46,46-55,No,Non-Travel,26,2,2,Male,2,Single,3,3
RM1299,46,46-55,Yes,Travel_Rarely,21,2,4,Female,2,Married,4,4
RM1323,46,46-55,No,Travel_Rarely,2,2,4,Male,4,Divorced,3,2
RM1328,46,46-55,No,Travel_Rarely,3,3,1,Female,1,Divorced,4,3
RM1334,46,46-55,Yes,Travel_Rarely,10,3,3,Female,2,Married,3,3
RM272,47,46-55,Yes,Non-Travel,29,4,1,Male,2,Married,4,2
RM330,47,46-55,No,Travel_Rarely,5,5,4,Male,3,Married,2,3
RM348,47,46-55,No,Travel_Frequently,4,1,2,Male,3,Single,1,3
RM429,47,46-55,No,Travel_Rarely,2,2,1,Female,4,Divorced,3,3
RM533,47,46-55,No,Travel_Rarely,14,4,4,Male,1,Single,4,3
RM545,47,46-55,No,Travel_Frequently,3,3,4,Female,3,Divorced,4,2
RM567,47,46-55,Yes,Travel_Frequently,27,2,2,Female,3,Single,4,3
RM593,47,46-55,No,Travel_Rarely,2,2,3,Female,4,Married,3,2
RM652,47,46-55,No,Travel_Rarely,2,2,3,Female,4,Married,1,3
RM666,47,46-55,No,Travel_Rarely,2,4,4,Female,4,Single,1,2
RM708,47,46-55,No,Travel_Frequently,16,4,3,Male,3,Divorced,3,4
RM720,47,46-55,No,Travel_Rarely,4,2,4,Female,4,Single,3,3
RM1021,47,46-55,No,Travel_Rarely,1,3,1,Male,4,Married,3,2
RM1025,47,46-55,No,Travel_Rarely,2,4,1,Female,3,Married,2,4
RM1068,47,46-55,No,Travel_Rarely,14,3,3,Female,3,Married,3,2
RM1155,47,46-55,No,Travel_Rarely,26,4,4,Female,3,Married,3,3
RM1195,47,46-55,No,Travel_Rarely,2,4,2,Female,2,Divorced,3,3
RM1224,47,46-55,Yes,Travel_Frequently,9,3,3,Male,3,Married,3,1
RM1235,47,46-55,No,Non-Travel,2,4,3,Male,2,Married,4,1
RM1304,47,46-55,No,Travel_Rarely,4,3,3,Female,2,Divorced,3,3
RM1322,47,46-55,No,Travel_Rarely,9,4,2,Female,3,Single,3,3
RM1371,47,46-55,No,Non-Travel,14,4,3,Male,2,Married,3,4
RM1415,47,46-55,No,Travel_Rarely,25,3,1,Male,3,Single,2,3
RM1422,47,46-55,No,Non-Travel,1,1,3,Female,2,Married,1,1
RM051,48,46-55,Yes,Travel_Rarely,1,2,1,Male,3,Single,4,3
RM353,48,46-55,No,Travel_Rarely,29,1,1,Female,3,Married,2,1
RM445,48,46-55,No,Travel_Rarely,2,5,2,Female,4,Married,1,3
RM493,48,46-55,No,Travel_Rarely,1,4,4,Female,1,Married,1,1
RM521,48,46-55,No,Travel_Rarely,2,1,2,Male,2,Married,4,3
RM679,48,46-55,No,Travel_Rarely,20,4,4,Male,3,Married,1,2
RM736,48,46-55,No,Travel_Rarely,6,3,1,Male,3,Single,4,3
RM737,48,46-55,No,Travel_Rarely,4,4,3,Male,3,Single,2,3
RM805,48,46-55,No,Non-Travel,1,4,1,Male,4,Single,3,2
RM902,48,46-55,No,Travel_Rarely,2,2,4,Male,2,Single,3,2
RM905,48,46-55,No,Travel_Rarely,1,3,4,Male,4,Single,3,4
RM970,48,46-55,No,Travel_Rarely,4,3,4,Male,4,Single,3,3
RM1039,48,46-55,No,Travel_Rarely,7,3,3,Male,1,Divorced,1,3
RM1104,48,46-55,No,Travel_Rarely,16,4,3,Female,3,Divorced,3,3
RM1115,48,46-55,No,Travel_Rarely,15,4,3,Female,1,Married,4,2
RM1167,48,46-55,No,Travel_Frequently,4,5,3,Male,4,Married,2,3
RM1205,48,46-55,Yes,Travel_Frequently,7,2,4,Female,3,Married,3,3
RM1332,48,46-55,No,Travel_Rarely,10,3,4,Male,2,Married,4,3
RM1352,48,46-55,No,Travel_Frequently,22,3,4,Female,4,Divorced,2,3
RM002,49,46-55,No,Travel_Frequently,8,1,3,Male,2,Married,4,3
RM130,49,46-55,No,Travel_Rarely,20,4,3,Female,1,Married,3,2
RM202,49,46-55,No,Non-Travel,18,4,4,Male,4,Divorced,1,3
RM291,49,46-55,No,Travel_Frequently,10,4,3,Female,1,Single,4,3
RM317,49,46-55,No,Travel_Rarely,1,2,3,Female,3,Single,4,3
RM376,49,46-55,No,Travel_Rarely,7,3,2,Male,3,Single,3,3
RM474,49,46-55,No,Travel_Rarely,18,4,4,Male,3,Divorced,3,3
RM608,49,46-55,Yes,Travel_Rarely,11,3,3,Female,4,Married,1,4
RM640,49,46-55,No,Travel_Rarely,1,3,3,Female,1,Married,2,3
RM678,49,46-55,No,Travel_Rarely,8,2,1,Female,2,Married,3,2
RM822,49,46-55,No,Travel_Rarely,8,4,4,Male,2,Married,2,3
RM900,49,46-55,No,Travel_Rarely,4,2,1,Male,3,Married,3,4
RM1007,49,46-55,Yes,Travel_Frequently,28,2,1,Male,1,Single,1,3
RM1045,49,46-55,No,Travel_Rarely,5,4,1,Male,3,Married,2,2
RM1055,49,46-55,No,Travel_Rarely,7,4,3,Male,2,Divorced,2,3
RM1072,49,46-55,No,Travel_Rarely,3,2,3,Female,1,Married,1,3
RM1148,49,46-55,No,Travel_Rarely,25,4,3,Female,1,Married,4,2
RM1177,49,46-55,No,Travel_Rarely,22,4,1,Female,2,Married,2,3
RM1182,49,46-55,No,Travel_Rarely,6,1,3,Female,3,Married,2,3
RM1193,49,46-55,No,Travel_Rarely,16,3,4,Female,1,Divorced,2,2
RM1196,49,46-55,No,Travel_Rarely,1,3,3,Male,3,Single,1,3
RM1255,49,46-55,No,Travel_Rarely,11,4,4,Female,4,Single,3,4
RM1378,49,46-55,No,Travel_Frequently,2,1,2,Male,4,Married,4,3
RM1469,49,46-55,No,Travel_Frequently,2,3,4,Male,2,Married,4,2
RM1469,49,46-55,No,Travel_Frequently,2,3,4,Male,2,Married,4,2
RM037,50,46-55,Yes,Travel_Rarely,3,2,1,Male,3,Married,3,3
RM063,50,46-55,No,Travel_Rarely,7,2,2,Female,3,Divorced,4,2
RM107,50,46-55,No,Travel_Frequently,1,3,1,Female,2,Married,1,2
RM132,50,46-55,No,Travel_Frequently,12,3,3,Female,4,Single,4,3
RM166,50,46-55,No,Travel_Rarely,11,3,3,Female,2,Single,2,3
RM184,50,46-55,No,Travel_Rarely,1,3,3,Male,3,Married,4,2
RM234,50,46-55,No,Travel_Rarely,1,4,4,Female,4,Divorced,3,2
RM280,50,46-55,No,Travel_Rarely,4,1,1,Male,2,Divorced,1,2
RM368,50,46-55,No,Travel_Rarely,10,3,4,Male,4,Single,4,3
RM426,50,46-55,No,Travel_Rarely,29,4,2,Male,3,Married,2,3
RM478,50,46-55,No,Travel_Frequently,3,3,1,Male,2,Married,3,3
RM524,50,46-55,No,Travel_Rarely,28,1,4,Male,3,Married,3,3
RM529,50,46-55,Yes,Travel_Frequently,8,2,2,Male,3,Married,1,3
RM540,50,46-55,No,Travel_Rarely,8,4,4,Male,2,Married,4,3
RM589,50,46-55,No,Travel_Rarely,2,3,3,Male,3,Married,4,3
RM654,50,46-55,No,Non-Travel,2,4,1,Male,1,Divorced,4,3
RM715,50,46-55,No,Travel_Rarely,1,2,4,Male,4,Divorced,3,2
RM722,50,46-55,No,Travel_Rarely,24,3,4,Male,3,Married,4,3
RM743,50,46-55,No,Travel_Rarely,9,3,1,Male,4,Married,2,3
RM752,50,46-55,No,Non-Travel,1,3,4,Female,3,Married,1,3
RM767,50,46-55,No,Travel_Rarely,2,4,2,Male,3,Married,4,2
RM802,50,46-55,Yes,Travel_Frequently,1,4,4,Male,3,Single,4,3
RM868,50,46-55,No,Travel_Frequently,2,3,4,Female,1,Married,3,3
RM946,50,46-55,No,Travel_Rarely,28,3,4,Female,1,Married,2,3
RM1087,50,46-55,No,Travel_Frequently,22,5,3,Male,4,Single,4,3
RM1127,50,46-55,No,Travel_Rarely,9,3,3,Male,3,Married,3,3
RM1139,50,46-55,No,Travel_Frequently,20,5,2,Male,3,Married,3,3
RM1178,50,46-55,No,Travel_Rarely,17,5,4,Female,1,Divorced,3,3
RM1453,50,46-55,Yes,Travel_Frequently,1,4,2,Male,3,Divorced,4,3
RM1462,50,46-55,Yes,Travel_Rarely,28,3,4,Male,1,Divorced,2,3
RM1462,50,46-55,Yes,Travel_Rarely,28,3,4,Male,1,Divorced,2,3
RM088,51,46-55,No,Travel_Rarely,9,4,4,Male,4,Married,2,3
RM092,51,46-55,No,Travel_Rarely,21,4,3,Male,4,Single,4,1
RM111,51,46-55,No,Travel_Frequently,1,4,1,Female,1,Single,3,2
RM124,51,46-55,No,Travel_Rarely,6,3,1,Male,3,Single,3,3
RM137,51,46-55,Yes,Travel_Frequently,8,4,1,Male,4,Single,4,3
RM157,51,46-55,No,Travel_Rarely,7,4,2,Male,3,Married,3,3
RM190,51,46-55,No,Travel_Rarely,3,3,4,Female,2,Single,3,3
RM214,51,46-55,No,Travel_Rarely,8,4,2,Male,2,Married,4,1
RM259,51,46-55,No,Travel_Rarely,1,3,3,Male,4,Married,2,2
RM300,51,46-55,No,Travel_Rarely,2,3,4,Male,2,Divorced,4,3
RM377,51,46-55,No,Travel_Rarely,14,2,3,Female,4,Married,3,2
RM617,51,46-55,No,Travel_Rarely,26,4,1,Female,3,Married,3,2
RM780,51,46-55,Yes,Travel_Rarely,4,4,1,Male,3,Married,3,4
RM919,51,46-55,No,Travel_Frequently,9,3,4,Male,2,Divorced,1,2
RM931,51,46-55,No,Travel_Frequently,6,2,2,Female,3,Single,2,2
RM963,51,46-55,No,Travel_Rarely,5,3,3,Male,2,Divorced,2,3
RM972,51,46-55,No,Travel_Rarely,11,2,4,Female,2,Single,2,2
RM988,51,46-55,No,Travel_Frequently,2,3,2,Male,2,Married,2,3
RM1276,51,46-55,No,Travel_Rarely,3,3,1,Female,3,Married,4,3
RM191,52,46-55,No,Travel_Rarely,1,4,3,Male,3,Married,1,3
RM231,52,46-55,No,Travel_Rarely,2,3,3,Female,4,Single,2,2
RM238,52,46-55,No,Non-Travel,2,4,1,Male,3,Single,4,4
RM318,52,46-55,Yes,Travel_Rarely,8,4,3,Male,2,Married,1,2
RM407,52,46-55,No,Travel_Rarely,3,3,4,Male,3,Married,3,3
RM409,52,46-55,No,Travel_Rarely,4,2,4,Female,4,Married,4,1
RM469,52,46-55,No,Travel_Rarely,6,2,4,Male,1,Divorced,2,3
RM562,52,46-55,No,Travel_Rarely,3,4,3,Male,1,Married,1,4
RM571,52,46-55,No,Non-Travel,19,4,4,Male,4,Married,1,3
RM588,52,46-55,No,Travel_Rarely,11,4,4,Female,3,Married,2,3
RM628,52,46-55,No,Travel_Frequently,25,4,3,Female,4,Married,3,3
RM700,52,46-55,No,Travel_Rarely,1,2,4,Male,4,Married,2,2
RM750,52,46-55,Yes,Travel_Rarely,2,1,1,Female,4,Married,4,3
RM807,52,46-55,No,Travel_Rarely,7,4,2,Male,2,Single,4,3
RM948,52,46-55,Yes,Travel_Rarely,5,3,2,Male,2,Single,3,2
RM995,52,46-55,No,Travel_Frequently,28,2,4,Female,3,Married,2,2
RM1001,52,46-55,No,Travel_Rarely,8,4,3,Female,1,Married,3,1
RM1435,52,46-55,No,Non-Travel,29,4,1,Male,4,Divorced,2,2
RM019,53,46-55,No,Travel_Rarely,2,4,1,Female,4,Married,3,3
RM026,53,46-55,No,Travel_Rarely,5,3,3,Female,3,Divorced,4,2
RM153,53,46-55,No,Travel_Rarely,6,2,2,Male,3,Married,4,1
RM185,53,46-55,No,Travel_Rarely,13,2,4,Female,1,Divorced,3,3
RM281,53,46-55,No,Travel_Rarely,3,4,3,Male,3,Married,4,2
RM503,53,46-55,No,Travel_Rarely,1,1,4,Female,1,Single,4,4
RM535,53,46-55,No,Travel_Rarely,7,3,3,Male,3,Married,3,3
RM557,53,46-55,No,Travel_Rarely,6,3,4,Male,4,Single,4,3
RM625,53,46-55,No,Travel_Rarely,7,2,1,Female,4,Married,4,3
RM647,53,46-55,No,Travel_Rarely,8,3,1,Male,4,Married,3,3
RM650,53,46-55,No,Travel_Rarely,23,4,4,Female,4,Single,3,3
RM702,53,46-55,No,Travel_Rarely,2,2,3,Male,3,Divorced,3,4
RM761,53,46-55,No,Travel_Frequently,2,3,3,Female,2,Married,1,3
RM859,53,46-55,No,Travel_Rarely,7,2,4,Female,3,Divorced,2,3
RM1044,53,46-55,No,Travel_Rarely,2,3,4,Male,2,Single,2,2
RM1112,53,46-55,Yes,Travel_Rarely,2,5,3,Female,4,Married,2,3
RM1204,53,46-55,No,Travel_Rarely,24,4,2,Male,4,Married,3,3
RM1269,53,46-55,No,Non-Travel,1,4,1,Female,3,Married,4,2
RM1397,53,46-55,Yes,Travel_Rarely,24,4,1,Male,1,Single,2,2
RM096,54,46-55,No,Travel_Rarely,2,4,1,Female,3,Married,1,1
RM113,54,46-55,No,Non-Travel,26,3,4,Female,4,Single,3,3
RM220,54,46-55,No,Travel_Rarely,3,3,4,Female,1,Married,4,3
RM333,54,46-55,No,Travel_Frequently,20,4,4,Female,3,Single,4,2
RM393,54,46-55,No,Travel_Rarely,5,2,1,Male,1,Married,3,2
RM432,54,46-55,No,Travel_Rarely,8,4,3,Female,3,Single,3,3
RM511,54,46-55,No,Travel_Rarely,19,4,3,Male,2,Married,3,4
RM576,54,46-55,No,Travel_Rarely,19,4,4,Female,1,Divorced,2,3
RM729,54,46-55,No,Travel_Rarely,17,3,3,Female,3,Married,3,3
RM772,54,46-55,No,Travel_Rarely,2,4,3,Female,3,Married,2,3
RM891,54,46-55,No,Travel_Frequently,1,4,4,Female,3,Divorced,1,1
RM895,54,46-55,No,Travel_Rarely,3,3,4,Male,4,Married,1,3
RM1009,54,46-55,No,Travel_Rarely,1,3,4,Female,4,Single,4,2
RM1077,54,46-55,No,Travel_Frequently,11,4,2,Female,4,Divorced,1,3
RM1185,54,46-55,No,Travel_Rarely,22,5,2,Female,3,Married,3,3
RM1306,54,46-55,No,Travel_Rarely,7,4,4,Female,4,Married,2,2
RM1398,54,46-55,No,Travel_Rarely,9,2,1,Female,3,Married,3,2
RM1407,54,46-55,No,Travel_Rarely,10,3,3,Female,1,Single,4,3
RM066,55,46-55,No,Travel_Rarely,8,3,4,Female,3,Divorced,3,3
RM083,55,46-55,No,Travel_Rarely,1,2,1,Male,4,Married,4,3
RM188,55,46-55,No,Travel_Rarely,14,4,3,Male,2,Single,4,3
RM271,55,46-55,No,Travel_Rarely,1,3,4,Male,1,Single,3,3
RM284,55,46-55,No,Travel_Rarely,20,2,2,Male,4,Married,4,3
RM380,55,46-55,No,Travel_Rarely,2,3,3,Female,4,Single,3,3
RM446,55,46-55,No,Travel_Rarely,18,5,1,Female,2,Single,4,3
RM569,55,46-55,Yes,Travel_Rarely,2,3,4,Male,1,Married,4,3
RM609,55,46-55,Yes,Travel_Rarely,2,1,3,Male,4,Single,3,2
RM746,55,46-55,No,Travel_Frequently,18,4,3,Male,2,Married,4,3
RM775,55,46-55,No,Non-Travel,2,1,3,Male,1,Single,2,4
RM788,55,46-55,No,Travel_Frequently,2,1,4,Male,2,Married,2,3
RM915,55,46-55,No,Non-Travel,8,1,4,Male,2,Divorced,4,3
RM956,55,46-55,No,Travel_Rarely,2,2,4,Female,3,Married,4,3
RM976,55,46-55,Yes,Travel_Rarely,13,4,1,Male,3,Single,3,2
RM1011,55,46-55,No,Travel_Rarely,1,4,2,Male,4,Divorced,4,4
RM1066,55,46-55,No,Travel_Rarely,4,4,4,Male,3,Married,2,3
RM1117,55,46-55,No,Travel_Rarely,26,5,3,Male,4,Married,3,3
RM1208,55,46-55,No,Travel_Rarely,22,3,1,Male,2,Divorced,4,3
RM1265,55,46-55,No,Travel_Rarely,2,3,3,Male,1,Married,2,3
RM1337,55,46-55,No,Travel_Rarely,2,4,2,Male,4,Married,2,4
RM1402,55,46-55,No,Travel_Rarely,26,4,3,Male,2,Married,1,3
RM086,56,55+,No,Travel_Rarely,7,3,4,Male,4,Single,1,2
RM123,56,55+,Yes,Travel_Rarely,14,4,2,Female,2,Married,1,3
RM176,56,55+,No,Travel_Rarely,8,3,3,Female,1,Divorced,3,3
RM402,56,55+,No,Travel_Frequently,6,3,3,Female,1,Married,4,2
RM553,56,55+,No,Travel_Rarely,9,3,3,Male,4,Married,3,2
RM773,56,55+,No,Travel_Frequently,9,3,1,Female,3,Married,2,3
RM852,56,55+,No,Travel_Rarely,4,4,4,Female,1,Divorced,4,3
RM957,56,55+,No,Travel_Rarely,8,4,4,Male,2,Single,1,3
RM977,56,55+,No,Travel_Rarely,23,3,4,Male,2,Married,1,3
RM1024,56,55+,No,Travel_Rarely,1,2,1,Female,1,Married,4,4
RM1355,56,55+,Yes,Travel_Rarely,24,2,1,Male,4,Single,4,3
RM1372,56,55+,No,Travel_Rarely,11,5,4,Female,1,Married,3,3
RM1442,56,55+,No,Non-Travel,1,4,3,Male,3,Divorced,1,2
RM1445,56,55+,Yes,Travel_Rarely,7,2,4,Male,3,Married,4,1
RM164,57,55+,No,Travel_Rarely,24,2,3,Male,4,Divorced,2,1
RM361,57,55+,No,Travel_Rarely,1,4,4,Male,3,Married,3,3
RM425,57,55+,No,Travel_Rarely,29,3,1,Male,4,Divorced,3,2
RM1054,57,55+,No,Travel_Rarely,1,2,2,Male,3,Married,1,2
RM099,58,55+,No,Travel_Rarely,10,4,4,Male,3,Single,3,2
RM127,58,55+,Yes,Travel_Rarely,23,4,4,Female,4,Married,4,2
RM158,58,55+,No,Travel_Rarely,9,3,2,Female,2,Married,2,2
RM309,58,55+,No,Non-Travel,1,4,4,Male,3,Divorced,4,3
RM596,58,55+,Yes,Travel_Rarely,2,4,4,Male,2,Single,4,3
RM661,58,55+,Yes,Travel_Frequently,2,1,4,Male,4,Divorced,4,2
RM675,58,55+,No,Travel_Rarely,5,3,3,Female,2,Divorced,4,3
RM701,58,55+,Yes,Travel_Rarely,2,3,4,Male,3,Single,1,3
RM939,58,55+,No,Travel_Rarely,23,4,1,Male,3,Divorced,4,3
RM967,58,55+,Yes,Travel_Rarely,7,4,3,Female,1,Married,4,2
RM1010,58,55+,No,Travel_Rarely,1,3,4,Female,1,Married,3,3
RM1302,58,55+,No,Non-Travel,2,3,2,Male,2,Divorced,4,2
RM1311,58,55+,No,Travel_Frequently,15,4,1,Male,3,Married,2,3
RM1375,58,55+,No,Travel_Rarely,21,3,4,Female,4,Married,3,2
RM007,59,55+,No,Travel_Rarely,3,3,3,Female,1,Married,1,2
RM064,59,55+,No,Travel_Rarely,25,3,1,Female,1,Single,4,2
RM071,59,55+,No,Travel_Frequently,1,1,1,Female,3,Single,4,2
RM106,59,55+,No,Non-Travel,2,4,3,Female,4,Married,4,3
RM226,59,55+,No,Travel_Rarely,3,3,3,Male,4,Married,1,3
RM233,59,55+,No,Travel_Rarely,6,2,2,Male,3,Married,4,2
RM744,59,55+,No,Travel_Rarely,2,3,3,Female,4,Single,1,3
RM759,59,55+,No,Travel_Rarely,1,2,2,Male,4,Married,3,1
RM898,59,55+,No,Travel_Rarely,3,3,3,Female,4,Single,4,3
RM920,59,55+,No,Travel_Rarely,18,4,4,Male,4,Single,4,2
RM412,60,55+,No,Travel_Rarely,7,3,1,Female,1,Married,4,1
RM428,60,55+,No,Travel_Frequently,28,3,3,Female,1,Married,4,4
RM537,60,55+,No,Travel_Rarely,16,4,1,Male,1,Single,4,3
RM880,60,55+,No,Travel_Rarely,7,4,2,Male,4,Divorced,2,3
RM1210,60,55+,No,Travel_Rarely,1,4,3,Male,4,Divorced,3,4